,year,entry_num,exit_num,name,entry_time,exit_time,total_time,elim_by,solo_elim,group_elim,illegal_elim,alignment,tag_overlap,tag_team,tag_partner,illegal_exit,accidental_exit,cum_elim,avg_cum_elim,world_champ,Unnamed: 20,cum_time,avg_cum_time,prev_app,us_champ,cruise_champ,euro_champ,total_elim
0,1988,1,8,Bret Hart,0,1546,1546,Don Muraco,0,1,0,heel,,1.0,Jim Neidhart,0.0,0.0,1.0,1.0,0,,1546.0,1546.0,0.0,0.0,0.0,0.0,1
1,1988,2,2,Tito Santana,0,644,644,"Bret Hart, Jim Neidhart",0,0,0,face,,0.0,0,0.0,0.0,0.0,0.0,0,,644.0,644.0,0.0,0.0,0.0,0.0,0
2,1988,3,1,Butch Reed,128,325,197,Jake Roberts,0,0,0,heel,,0.0,0,0.0,0.0,0.0,0.0,0,,197.0,197.0,0.0,0.0,0.0,0.0,0
3,1988,4,6,Jim Neidhart,230,1376,1146,Hillbilly Jim,0,1,0,heel,,1.0,Bret Hart,0.0,0.0,1.0,1.0,0,,1146.0,1146.0,0.0,0.0,0.0,0.0,1
4,1988,5,10,Jake Roberts,321,1634,1313,One Man Gang,1,1,0,face,,0.0,0,0.0,0.0,2.0,2.0,0,,1313.0,1313.0,0.0,0.0,0.0,0.0,2
5,1988,6,4,Harley Race,413,1016,603,Don Muraco,0,0,0,heel,,0.0,0,0.0,0.0,0.0,0.0,1,,603.0,603.0,0.0,0.0,0.0,0.0,0
6,1988,7,5,Jim Brunzell,498,1224,726,Nikolai Volkov,1,0,0,face,,1.0,B. Brian Blair,0.0,0.0,1.0,1.0,0,,726.0,726.0,0.0,0.0,0.0,0.0,1
7,1988,8,7,Sam Houston,585,1465,880,Ron Bass,0,0,0,face,,0.0,0,0.0,0.0,0.0,0.0,0,,880.0,880.0,0.0,0.0,0.0,0.0,0
8,1988,9,13,Danny Davis,680,1751,1071,Hacksaw Jim Duggan,0,0,0,heel,,0.0,0,0.0,0.0,0.0,0.0,0,,1071.0,1071.0,0.0,0.0,0.0,0.0,0
9,1988,10,3,Boris Zhukov,768,921,153,"Jake Roberts, Jim Brunzell",0,0,0,heel,,0.0,0,0.0,0.0,0.0,0.0,0,,153.0,153.0,0.0,0.0,0.0,0.0,0
10,1988,11,17,Don Muraco,897,1873,976,"One Man Gang, Dino Bravo",3,0,0,face,,0.0,0,0.0,0.0,3.0,3.0,0,,976.0,976.0,0.0,0.0,0.0,0.0,3
11,1988,12,11,Nikolai Volkov,983,1703,720,Hacksaw Jim Duggan,1,0,0,heel,,0.0,0,0.0,0.0,1.0,1.0,0,,720.0,720.0,0.0,0.0,0.0,0.0,1
12,1988,13,20,Hacksaw Jim Duggan,1120,2004,884,Winner,3,0,0,face,,0.0,0,0.0,0.0,3.0,3.0,0,,884.0,884.0,0.0,0.0,0.0,0.0,3
13,1988,14,16,Ron Bass,1187,1801,614,Don Muraco,2,0,0,heel,,0.0,0,0.0,0.0,2.0,2.0,0,,614.0,614.0,0.0,0.0,0.0,0.0,2
14,1988,15,9,B. Brian Blair,1271,1621,350,One Man Gang,0,0,0,face,,1.0,Jim Brunzell,0.0,0.0,0.0,0.0,0,,350.0,350.0,0.0,0.0,0.0,0.0,0
15,1988,16,12,Hillbilly Jim,1362,1716,354,One Man Gang,1,0,0,face,,0.0,0,0.0,0.0,1.0,1.0,0,,354.0,354.0,0.0,0.0,0.0,0.0,1
16,1988,17,18,Dino Bravo,1451,1943,492,One Man Gang,0,2,0,heel,,0.0,0,0.0,1.0,2.0,2.0,0,,492.0,492.0,0.0,0.0,0.0,0.0,2
17,1988,18,14,Ultimate Warrior,1536,1767,231,"One Man Gang, Dino Bravo",0,0,0,face,,0.0,0,0.0,0.0,0.0,0.0,0,,231.0,231.0,0.0,0.0,0.0,0.0,0
18,1988,19,19,One Man Gang/Akeem,1595,2004,409,Hacksaw Jim Duggan,4,2,0,heel,,0.0,0,0.0,0.0,6.0,6.0,0,,409.0,409.0,0.0,0.0,0.0,0.0,6
19,1988,20,15,Junkyard Dog,1661,1789,128,Ron Bass,0,0,0,face,,0.0,0,0.0,0.0,0.0,0.0,0,,128.0,128.0,0.0,0.0,0.0,,0
20,1989,1,4,Ax,0,876,876,Mr. Perfect,0,0,0,face,,1.0,Smash,0.0,0.0,0.0,0.0,0,,876.0,876.0,0.0,0.0,,,0
21,1989,2,1,Smash,0,296,296,Andre the Giant,0,0,0,face,,1.0,Ax,0.0,0.0,0.0,0.0,0,,296.0,296.0,0.0,0.0,,,0
22,1989,3,5,Andre the Giant,166,1001,835,Andre the Giant,3,0,0,heel,,0.0,0,1.0,1.0,3.0,3.0,1,,835.0,835.0,0.0,0.0,,,3
23,1989,4,11,Mr. Perfect,279,1956,1677,Hulk Hogan,1,0,0,face,,0.0,0,0.0,0.0,1.0,1.0,0,,1677.0,1677.0,0.0,0.0,,,1
24,1989,5,2,Ronnie Garvin,383,542,159,Andre the Giant,0,0,0,face,,0.0,0,0.0,0.0,0.0,0.0,0,,159.0,159.0,0.0,0.0,,,0
25,1989,6,8,Greg Valentine,509,1702,1193,Randy Savage,0,0,0,heel,,0.0,0,0.0,0.0,0.0,0.0,0,,1193.0,1193.0,0.0,0.0,,,0
26,1989,7,3,Jake Roberts,620,749,129,Andre the Giant,0,0,0,face,,0.0,0,0.0,0.0,2.0,1.0,0,,1442.0,721.0,1.0,0.0,,,0
27,1989,8,7,Ron Bass,742,1499,757,"Marty Jannetty, Shawn Michaels",0,0,0,heel,,0.0,0,0.0,0.0,2.0,1.0,0,,1371.0,685.0,1.0,0.0,,,0
28,1989,9,9,Shawn Michaels,861,1732,871,"Arn Anderson, Randy Savage",0,1,0,face,,1.0,Marty Janetty,0.0,0.0,1.0,1.0,0,,871.0,871.0,0.0,0.0,,,1
29,1989,10,13,Bushwhacker Butch,987,2082,1095,"Hulk Hogan, Bad News Brown",0,1,0,face,,0.0,0,0.0,0.0,1.0,1.0,0,,1095.0,1095.0,0.0,0.0,,,1
30,1989,11,6,The Honky Tonk Man,1112,1363,251,"Bushwhacker Butch, Tito Santana",0,0,0,heel,,0.0,0,0.0,0.0,0.0,0.0,0,,251.0,251.0,0.0,0.0,,,0
31,1989,12,12,Tito Santana,1221,1978,757,"Arn Anderson, Randy Savage",0,0,0,face,,1.0,Rick Martel,0.0,0.0,0.0,0.0,0,,1401.0,700.0,1.0,0.0,,,0
32,1989,13,19,Bad News Brown,1343,2327,984,Hulk Hogan,0,1,0,heel,,0.0,0,0.0,0.0,1.0,1.0,0,,984.0,984.0,0.0,0.0,,,1
33,1989,14,10,Marty Jannetty,1461,1933,472,Tully Blanchard,0,1,0,face,,1.0,Shawn Michaels,0.0,0.0,1.0,1.0,0,,472.0,472.0,0.0,0.0,,,1
34,1989,15,20,Randy Savage,1581,2327,746,Hulk Hogan,1,2,0,face,,1.0,Hulk Hogan,0.0,0.0,3.0,3.0,1,,746.0,746.0,0.0,0.0,,,3
35,1989,16,16,Arn Anderson,1705,2305,600,Hulk Hogan,0,2,0,heel,,1.0,Tully Blanchard,0.0,0.0,2.0,2.0,0,,600.0,600.0,0.0,0.0,,,2
36,1989,17,17,Tully Blanchard,1824,2305,481,Hulk Hogan,1,0,0,heel,,1.0,Arn Anderson,0.0,0.0,1.0,1.0,0,,481.0,481.0,0.0,0.0,,,1
37,1989,18,21,Hulk Hogan,1944,2636,692,"Akeem, Big Boss Man",8,1,1,face,,1.0,Randy Savage,0.0,0.0,10.0,10.0,1,,692.0,692.0,0.0,0.0,,,10
38,1989,19,15,Bushwhacker Luke,2066,2264,198,Hulk Hogan,0,0,0,face,,0.0,0,0.0,0.0,0.0,0.0,0,,198.0,198.0,0.0,0.0,,,0
39,1989,20,14,Koko B. Ware,2184,2251,67,Hulk Hogan,0,0,0,face,,0.0,0,0.0,0.0,0.0,0.0,0,,67.0,67.0,0.0,0.0,,,0
40,1989,21,18,The Warlord,2320,2322,2,Hulk Hogan,0,0,0,heel,,0.0,0,0.0,0.0,0.0,0.0,0,,2.0,2.0,0.0,0.0,,,0
41,1989,22,22,Big Boss Man,2440,2698,258,Hulk Hogan,0,1,0,heel,,1.0,Akeem,1.0,0.0,1.0,1.0,0,,258.0,258.0,0.0,0.0,,,1
42,1989,23,28,One Man Gang/Akeem,2553,3783,1230,Big John Studd,1,1,0,heel,,1.0,Big Boss Man,0.0,0.0,8.0,4.0,0,,1639.0,819.0,1.0,0.0,,,2
43,1989,24,24,Brutus Beefcake,2685,3580,895,"Ted DiBiase, The Barbarian",0,0,0,face,,0.0,0,0.0,0.0,0.0,0.0,0,,895.0,895.0,0.0,0.0,,,0
44,1989,25,23,The Red Rooster,2787,3463,676,Ted DiBiase,0,0,0,face,,0.0,0,0.0,0.0,0.0,0.0,0,,676.0,676.0,0.0,0.0,,,0
45,1989,26,26,The Barbarian,2917,3652,735,Rick Martel,0,2,0,heel,,0.0,0,0.0,0.0,2.0,2.0,0,,735.0,735.0,0.0,0.0,,,2
46,1989,27,30,Big John Studd,3051,3906,855,Winner,2,0,0,face,,0.0,0,0.0,0.0,2.0,2.0,0,,855.0,855.0,0.0,0.0,,,2
47,1989,28,25,Hercules,3148,3580,432,"Ted DiBiase, The Barbarian",0,0,0,face,,0.0,0,0.0,0.0,0.0,0.0,0,,432.0,432.0,0.0,0.0,,,0
48,1989,29,27,Rick Martel,3268,3694,426,Akeem,1,0,0,face,,1.0,Tito Santana,0.0,0.0,1.0,1.0,0,,426.0,426.0,0.0,0.0,,,1
49,1989,30,29,Ted DiBiase,3404,3906,502,Big John Studd,1,2,0,heel,,0.0,0,0.0,0.0,3.0,3.0,0,,502.0,502.0,0.0,0.0,,,3
50,1990,1,18,Ted DiBiase,0,2693,2693,The Ultimate Warrior,2,1,0,heel,,0.0,0,0.0,0.0,6.0,3.0,0,,3195.0,1597.0,1.0,0.0,,,3
51,1990,2,1,Koko B. Ware,0,98,98,Ted DiBiase,0,0,0,face,,0.0,0,0.0,0.0,0.0,0.0,0,,165.0,82.0,1.0,0.0,,,0
52,1990,3,2,Marty Jannetty,131,227,96,Ted DiBiase,0,0,0,face,,1.0,Shawn Michaels,0.0,0.0,1.0,0.0,0,,568.0,284.0,1.0,0.0,,,0
53,1990,4,3,Jake Roberts,279,886,607,Randy Savage,0,0,0,face,,0.0,0,0.0,0.0,2.0,0.0,0,,2049.0,683.0,2.0,0.0,,,0
54,1990,5,4,Randy Savage,375,986,611,Dusty Rhodes,1,0,0,heel,,0.0,0,0.0,0.0,4.0,2.0,1,,1357.0,678.0,1.0,0.0,,,1
55,1990,6,7,Roddy Piper,484,1225,741,Bad News Brown,1,0,0,face,,0.0,0,1.0,0.0,1.0,1.0,0,,741.0,741.0,0.0,0.0,,,1
56,1990,7,5,The Warlord,614,1110,496,Andre the Giant,0,0,0,heel,,0.0,0,0.0,0.0,0.0,0.0,0,,498.0,249.0,1.0,0.0,,,0
57,1990,8,9,Bret Hart,721,1699,978,Dusty Rhodes,0,0,0,face,,1.0,Jim Neidhart,0.0,0.0,1.0,0.0,1,,2524.0,1262.0,1.0,0.0,,,0
58,1990,9,6,Bad News Brown,855,1218,363,Roddy Piper,0,0,1,heel,,0.0,0,0.0,0.0,2.0,1.0,0,,1347.0,673.0,1.0,0.0,,,1
59,1990,10,12,Dusty Rhodes,961,2060,1099,Earthquake,2,0,0,face,,0.0,0,0.0,0.0,2.0,2.0,1,,1099.0,1099.0,0.0,0.0,,,2
60,1990,11,10,Andre the Giant,1099,1714,615,Ax & Smash,2,0,0,heel,,1.0,Haku,0.0,0.0,5.0,2.0,1,,1450.0,725.0,1.0,0.0,,,2
61,1990,12,8,The Red Rooster,1201,1319,118,Andre the Giant,0,0,0,face,,0.0,0,0.0,0.0,0.0,0.0,0,,794.0,397.0,1.0,0.0,,,0
62,1990,13,13,Ax,1317,2087,770,Earthquake,0,1,0,face,,1.0,Smash,0.0,0.0,1.0,0.0,0,,1646.0,823.0,1.0,0.0,,,1
63,1990,14,20,Haku,1436,2790,1354,Hulk Hogan,1,1,0,heel,,1.0,Andre the Giant,0.0,0.0,2.0,2.0,0,,1354.0,1354.0,0.0,0.0,,,2
64,1990,15,16,Smash,1553,2453,900,Haku,0,2,0,face,,1.0,Ax,0.0,0.0,2.0,1.0,0,,1196.0,598.0,1.0,0.0,,,2
65,1990,16,11,One Man Gang/Akeem,1682,1833,151,Jimmy Snuka,0,0,0,heel,,0.0,0,0.0,0.0,8.0,2.0,0,,1790.0,596.0,2.0,0.0,,,0
66,1990,17,19,Jimmy Snuka,1805,2768,963,Hulk Hogan,1,1,0,face,,0.0,0,0.0,0.0,2.0,2.0,0,,963.0,963.0,0.0,0.0,,,2
67,1990,18,15,Dino Bravo,1919,2292,373,The Ultimate Warrior,0,1,0,heel,,0.0,0,0.0,0.0,3.0,1.0,0,,865.0,432.0,1.0,0.0,,,1
68,1990,19,14,Earthquake,2043,2193,150,"Jim Neidhart, Haku, Smash, Jimmy Snuka, Ted DiBiase, Dino Bravo",2,0,0,heel,,0.0,0,0.0,0.0,2.0,2.0,0,,150.0,150.0,0.0,0.0,,,2
69,1990,20,17,Jim Neidhart,2154,2676,522,The Ultimate Warrior & Rick Martel,0,1,0,face,,0.0,0,0.0,0.0,2.0,1.0,0,,1668.0,834.0,1.0,0.0,,,1
70,1990,21,25,The Ultimate Warrior,2272,3143,871,"Hulk Hogan, The Barbarian, Rick Rude",4,2,0,face,,0.0,0,0.0,0.0,6.0,6.0,0,,871.0,871.0,0.0,0.0,,,6
71,1990,22,24,Rick Martel,2400,2895,495,The Ultimate Warrior,0,2,0,heel,,0.0,0,0.0,0.0,3.0,1.0,0,,921.0,460.0,1.0,0.0,,,2
72,1990,23,21,Tito Santana,2513,2822,309,"The Ultimate Warrior, Rick Martel",0,0,0,face,,0.0,0,0.0,0.0,0.0,0.0,0,,1710.0,570.0,2.0,0.0,,,0
73,1990,24,22,The Honky Tonk Man,2642,2884,242,Hulk Hogan,0,0,0,heel,,0.0,0,0.0,0.0,0.0,0.0,0,1.0,493.0,246.0,1.0,0.0,,,0
74,1990,25,30,Hulk Hogan,2755,3524,769,Winner,4,2,0,face,,0.0,0,0.0,0.0,16.0,8.0,1,,1461.0,730.0,1.0,0.0,,,6
75,1990,26,23,Shawn Michaels,2880,2892,12,The Ultimate Warrior,0,0,0,face,,1.0,Marty Janetty,0.0,0.0,1.0,0.0,0,,883.0,441.0,1.0,0.0,,,0
76,1990,27,26,The Barbarian,2988,3346,358,Hercules,0,1,0,heel,,0.0,0,0.0,0.0,3.0,1.0,0,,1093.0,546.0,1.0,0.0,,,1
77,1990,28,28,Rick Rude,3037,3424,387,"Hulk Hogan, Mr. Perfect",1,1,0,heel,,0.0,0,0.0,0.0,2.0,2.0,0,,387.0,387.0,0.0,0.0,,,2
78,1990,29,27,Hercules,3187,3368,181,Rick Rude,1,0,0,face,,0.0,0,0.0,0.0,1.0,0.0,0,,613.0,306.0,1.0,0.0,,,1
79,1990,30,29,Mr. Perfect,3313,3524,211,Hulk Hogan,0,1,0,heel,,0.0,0,0.0,0.0,2.0,1.0,0,,1888.0,944.0,1.0,0.0,,,1
80,1991,1,4,Bret Hart,0,1238,1238,The Undertaker,0,0,0,face,,1.0,Jim Neidhart,0.0,0.0,1.0,0.0,0,,3762.0,1254.0,2.0,0.0,,,0
81,1991,2,1,Dino Bravo,0,188,188,Greg Valentine,0,0,0,heel,,0.0,0,0.0,0.0,3.0,1.0,0,,1053.0,351.0,2.0,0.0,,,0
82,1991,3,15,Greg Valentine,129,2782,2653,Hulk Hogan,1,0,0,heel,,0.0,0,0.0,0.0,1.0,0.0,0,,3846.0,1923.0,1.0,0.0,,,1
83,1991,4,3,Paul Roma,248,1094,846,Jake Roberts,0,0,0,heel,,1.0,Hercules,0.0,0.0,0.0,0.0,0,,846.0,846.0,0.0,0.0,,,0
84,1991,5,7,The Texas Tornado,367,1828,1461,The Undertaker,0,0,0,face,,0.0,0,0.0,0.0,0.0,0.0,1,,1461.0,1461.0,0.0,0.0,,,0
85,1991,6,26,Rick Martel,487,3637,3150,The British Bulldog,3,1,0,heel,,0.0,0,0.0,0.0,7.0,2.0,0,,4071.0,1357.0,2.0,0.0,,,4
86,1991,7,2,Saba Simba,611,759,148,Rick Martel,0,0,0,face,,0.0,0,0.0,0.0,0.0,0.0,0,,148.0,148.0,0.0,0.0,,,0
87,1991,8,5,Bushwhacker Butch,741,1349,608,The Undertaker,0,0,0,face,,0.0,0,0.0,0.0,1.0,0.0,0,,1703.0,851.0,1.0,0.0,,,0
88,1991,9,6,Jake Roberts,851,1633,782,Rick Martel,1,0,0,face,,0.0,0,0.0,0.0,3.0,0.0,0,,2831.0,707.0,3.0,0.0,,,1
89,1991,10,18,Hercules,972,3237,2265,Brian Knobbs,0,1,0,heel,,1.0,Paul Roma,0.0,0.0,2.0,0.0,0,,2878.0,959.0,2.0,0.0,,,1
90,1991,11,16,Tito Santana,1093,2923,1830,Earthquake,0,0,0,face,,0.0,0,0.0,0.0,0.0,0.0,0,,3540.0,885.0,3.0,0.0,,,0
91,1991,12,10,The Undertaker,1227,2087,860,"Hawk, Animal",3,0,0,heel,,0.0,0,0.0,0.0,3.0,3.0,1,,860.0,860.0,0.0,0.0,,,3
92,1991,13,8,Jimmy Snuka,1344,1831,487,Hawk,0,0,0,face,,0.0,0,0.0,,2.0,1.0,0,,1450.0,725.0,1.0,0.0,,,0
93,1991,14,27,The British Bulldog,1452,3661,2209,"Earthquake, Brian Knobbs",3,0,0,face,,0.0,0,0.0,,3.0,3.0,0,,2209.0,2209.0,0.0,0.0,,,3
94,1991,15,14,Smash,1574,2681,1107,Hulk Hogan,0,0,0,heel,,1.0,Crush,0.0,,2.0,0.0,0,,2303.0,767.0,2.0,0.0,,,0
95,1991,16,11,Hawk,1692,2091,399,"Rick Martel, Hercules",1,1,0,face,,1.0,Animal,0.0,,2.0,2.0,0,,399.0,399.0,0.0,0.0,,,2
96,1991,17,21,Shane Douglas,1814,3402,1588,Brian Knobbs,0,0,0,face,,0.0,0,0.0,,0.0,0.0,0,,1588.0,1588.0,0.0,0.0,,,0
97,1991,18,9,Randy Savage,1933,1933,0,DQ,0,0,0,heel,,0.0,0,0.0,,4.0,1.0,1,,1357.0,452.0,2.0,0.0,,,0
98,1991,19,12,Animal,2053,2453,400,Earthquake,0,1,0,face,,1.0,Hawk,0.0,,1.0,1.0,0,,400.0,400.0,0.0,0.0,,,1
99,1991,20,19,Crush,2176,3293,1117,Hulk Hogan,0,0,0,heel,,1.0,Smash,0.0,,0.0,0.0,0,,1117.0,1117.0,0.0,0.0,,,0
100,1991,21,13,Hacksaw Jim Duggan,2300,2584,284,Mr. Perfect,0,0,0,face,,0.0,0,0.0,,3.0,1.0,0,,1168.0,584.0,1.0,0.0,,,0
101,1991,22,29,Earthquake,2431,3917,1486,Hulk Hogan,3,1,0,heel ,,0.0,0,0.0,,6.0,3.0,0,,1636.0,818.0,1.0,0.0,,,4
102,1991,23,23,Mr. Perfect,2566,3542,976,The British Bulldog,0,0,0,heel,,0.0,0,0.0,,2.0,0.0,0,,2864.0,954.0,2.0,0.0,,,0
103,1991,24,30,Hulk Hogan,2658,3917,1259,Winner,7,0,0,face,,0.0,0,0.0,,23.0,7.0,1,,2720.0,906.0,2.0,0.0,,,7
104,1991,25,25,Haku,2781,3585,804,The British Bulldog,0,0,0,heel,,0.0,0,0.0,,2.0,1.0,0,,2158.0,1079.0,1.0,0.0,,,0
105,1991,26,24,Jim Neidhart,2898,3570,672,Rick Martel,0,0,0,face,,1.0,Bret Hart,0.0,,2.0,0.0,0,,2340.0,780.0,2.0,0.0,,,0
106,1991,27,17,Bushwhacker Luke,3037,3040,3,Earthquake,0,0,0,face,,0.0,0,0.0,,0.0,0.0,0,,201.0,100.0,1.0,0.0,,,0
107,1991,28,28,Brian Knobbs,3141,3749,608,Hulk Hogan,2,1,0,heel,,0.0,0,0.0,,3.0,3.0,0,,608.0,608.0,0.0,0.0,,,3
108,1991,29,20,The Warlord,3260,3356,96,Hulk Hogan,0,0,0,heel,,0.0,0,0.0,,0.0,0.0,0,,594.0,198.0,2.0,0.0,,,0
109,1991,30,22,Tugboat,3381,3533,152,Hulk Hogan,0,0,0,face,,0.0,0,0.0,,0.0,0.0,0,,152.0,152.0,0.0,0.0,,,0
110,1992,1,7,The British Bulldog,0,1416,1416,Ric Flair,3,0,0,face,,0.0,0,0.0,,6.0,3.0,0,,3625.0,1812.0,1.0,0.0,,,3
111,1992,2,1,Ted DiBiase,0,78,78,The British Bulldog,0,0,0,heel,,0.0,0,0.0,,6.0,2.0,0,,3273.0,1091.0,2.0,0.0,,,0
112,1992,3,30,Ric Flair,151,3721,3570,Winner,3,2,0,heel,,0.0,0,0.0,,5.0,5.0,1,,3570.0,3570.0,0.0,0.0,,,5
113,1992,4,2,Jerry Sags,258,327,69,The British Bulldog,0,0,0,heel,,0.0,0,0.0,,0.0,0.0,0,,69.0,69.0,0.0,0.0,,,0
114,1992,5,3,Haku,368,478,110,The British Bulldog,0,0,0,heel,,0.0,0,0.0,,2.0,0.0,0,,2268.0,756.0,2.0,0.0,,,0
115,1992,6,10,Shawn Michaels,500,1447,947,Tito Santana,1,0,0,heel,,0.0,0,0.0,,2.0,0.0,0,,1830.0,610.0,2.0,0.0,,,1
116,1992,7,9,Tito Santana,612,1447,835,Shawn Michaels,1,0,0,face,,0.0,0,0.0,,1.0,0.0,0,,4375.0,875.0,4.0,0.0,,,1
117,1992,8,11,The Barbarian,738,1514,776,Hercules,0,0,0,heel,,1.0,The Warlord,0.0,,3.0,1.0,0,,1869.0,623.0,2.0,,,,0
118,1992,9,8,The Texas Tornado,867,1427,560,Ric Flair,0,0,0,face,,0.0,0,0.0,,0.0,0.0,1,,2021.0,1010.0,1.0,,,,0
119,1992,10,6,Repo Man,993,1378,385,Big Boss Man,2,0,0,heel,,0.0,0,0.0,,2.0,2.0,0,,385.0,385.0,0.0,,,,2
120,1992,11,5,Greg Valentine,1096,1349,253,Repo Man,0,0,0,face,,0.0,0,0.0,,1.0,0.0,0,,4099.0,1366.0,2.0,,,,0
121,1992,12,4,Nikolai Volkoff,1223,1286,63,Repo Man,0,0,0,heel,,0.0,0,0.0,,0.0,0.0,0,,63.0,63.0,0.0,,,,0
122,1992,13,13,Big Boss Man,1335,1553,218,Ric Flair,2,0,0,face,,0.0,0,0.0,,3.0,1.0,0,,476.0,238.0,1.0,,,,2
123,1992,14,12,Hercules,1461,1517,56,Big Boss Man,1,0,0,heel,,0.0,0,0.0,,3.0,0.0,0,,2934.0,733.0,3.0,,,,1
124,1992,15,26,Roddy Piper,1591,3638,2047,Sid Justice,1,0,0,face,,0.0,0,0.0,,2.0,1.0,0,,2788.0,1394.0,1.0,,,,1
125,1992,16,15,Jake Roberts,1714,2370,656,Randy Savage,0,0,0,heel,,0.0,0,0.0,,3.0,0.0,0,,3487.0,697.0,4.0,,,,0
126,1992,17,19,Hacksaw Jim Duggan,1841,3088,1247,Virgil,1,0,0,face,,0.0,0,0.0,,4.0,1.0,0,,2415.0,805.0,2.0,,,,1
127,1992,18,23,Irwin R. Schyster,1967,3590,1623,Roddy Piper,0,0,0,heel,,0.0,0,0.0,,0.0,0.0,0,,1623.0,1623.0,0.0,,,,0
128,1992,19,14,Jimmy Snuka,2085,2232,147,The Undertaker,0,0,0,face,,0.0,0,0.0,,2.0,0.0,0,,1597.0,532.0,2.0,,,,0
129,1992,20,17,The Undertaker,2227,3058,831,Hulk Hogan,1,0,0,heel,,0.0,0,0.0,,4.0,2.0,1,,1691.0,845.0,1.0,,,,1
130,1992,21,27,Randy Savage,2315,3661,1346,"Ric Flair, Sid Justice",2,0,0,face,,0.0,0,0.0,,6.0,1.0,1,,2703.0,675.0,3.0,,,,2
131,1992,22,18,The Berzerker,2526,3066,540,Hulk Hogan,0,0,0,heel,,0.0,0,0.0,,0.0,0.0,0,,540.0,540.0,0.0,,,,0
132,1992,23,20,Virgil,2638,3088,450,Jim Duggan,1,0,0,face,,0.0,0,0.0,,1.0,1.0,0,,450.0,450.0,0.0,,,,1
133,1992,24,16,Col. Mustafa,2773,2928,155,Randy Savage,0,0,0,heel,,0.0,0,0.0,,0.0,0.0,0,,155.0,155.0,0.0,,,,0
134,1992,25,25,Rick Martel,2879,3638,759,Sid Justice,1,0,0,heel,,0.0,0,0.0,,8.0,2.0,0,,4830.0,1207.0,3.0,,,,1
135,1992,26,28,Hulk Hogan,3002,3691,689,Sid Justice,2,1,1,face,,0.0,0,0.0,,27.0,6.0,1,,3409.0,852.0,3.0,,,,4
136,1992,27,21,Skinner,3124,3257,133,Rick Martel,0,0,0,heel,,0.0,0,0.0,,0.0,0.0,0,,133.0,133.0,0.0,,,,0
137,1992,28,22,Sgt. Slaughter,3256,3535,279,Sid Justice,0,0,0,face,,0.0,0,0.0,,0.0,0.0,1,,279.0,279.0,0.0,,,,0
138,1992,29,29,Sid Justice,3367,3721,354,"Hulk Hogan, Ric Flair",4,2,0,face,,0.0,0,1.0,,6.0,6.0,0,,354.0,354.0,0.0,,,,6
139,1992,30,24,The Warlord,3511,3613,102,"Hulk Hogan, Sid Justice",0,0,0,heel,,1.0,The Barbarian,0.0,,0.0,0.0,0,,696.0,174.0,3.0,,,,0
140,1993,1,4,Ric Flair,0,1121,1121,Mr. Perfect,1,0,0,heel,,0.0,0,0.0,,6.0,3.0,1,,4691.0,2345.0,1.0,,,,1
141,1993,2,28,Bob Backlund,0,3675,3675,Yokozuna,2,0,0,face,,0.0,0,0.0,,2.0,2.0,1,,3675.0,3675.0,0.0,,,,2
142,1993,3,1,Papa Shango,129,157,28,Ric Flair,0,0,0,heel,,0.0,0,0.0,,0.0,0.0,0,,28.0,28.0,0.0,,,,0
143,1993,4,13,Ted DiBiase,252,1748,1496,The Undertaker,3,1,0,heel,,1.0,Irwin R. Schyster,0.0,,10.0,2.0,0,,4769.0,1192.0,3.0,,,,4
144,1993,5,2,Brian Knobbs,363,542,179,Ted DiBiase,0,0,0,face,,1.0,Jerry Sags,0.0,,3.0,1.0,0,,787.0,393.0,1.0,,,,0
145,1993,6,7,Virgil,486,1516,1030,The Berzerker,0,0,0,face,,0.0,0,0.0,,1.0,0.0,0,,1480.0,740.0,1.0,,,,0
146,1993,7,6,Jerry Lawler,620,1496,876,Mr. Perfect,1,0,1,heel,,0.0,0,0.0,,2.0,2.0,0,,876.0,876.0,0.0,,,,2
147,1993,8,3,Max Moon,726,844,118,Jerry Lawler,0,0,0,face,,0.0,0,0.0,,0.0,0.0,0,,118.0,118.0,0.0,,,,0
148,1993,9,10,Genichiro Tenryu,854,1651,797,The Undertaker,0,0,0,neutral,,0.0,0,0.0,,0.0,0.0,0,,797.0,797.0,0.0,,,,0
149,1993,10,8,Mr. Perfect,975,1530,555,"Jerry Lawler, Koko B. Ware, Ted DiBiase",3,0,0,face,,0.0,0,1.0,,5.0,1.0,0,,3419.0,854.0,3.0,,,,3
150,1993,11,5,Skinner,1097,1281,184,Mr. Perfect,0,0,0,heel,,0.0,0,0.0,,0.0,0.0,0,,317.0,158.0,1.0,,,,0
151,1993,12,12,Koko B. Ware,1217,1729,512,Ted DiBiase,0,1,0,face,,1.0,Owen Hart,0.0,,1.0,0.0,0,,677.0,225.0,2.0,,,,1
152,1993,13,9,Samu,1339,1629,290,The Undertaker,0,0,0,heel,,1.0,Fatu,0.0,,0.0,0.0,0,,290.0,290.0,0.0,,,,0
153,1993,14,14,The Berzerker,1463,1783,320,The Undertaker,1,0,0,heel,,0.0,0,0.0,,1.0,0.0,0,,860.0,430.0,1.0,,,,1
154,1993,15,15,The Undertaker,1598,1852,254,Giant Gonzalez,4,0,0,face,,0.0,0,1.0,,8.0,2.0,1,,1945.0,648.0,2.0,,,,4
155,1993,16,11,Terry Taylor,1704,1729,25,Ted DiBiase,0,0,0,heel,,0.0,0,0.0,,0.0,0.0,0,,25.0,25.0,0.0,,,,0
156,1993,17,17,Damien Demento,2021,2761,740,Carlos Colon,0,0,0,heel,,0.0,0,0.0,,0.0,0.0,0,,740.0,740.0,0.0,,,,0
157,1993,18,19,Irwin R. Schyster,2021,2976,955,Earthquake,0,0,0,heel,,1.0,Ted DiBiase,0.0,,0.0,0.0,0,,2578.0,1289.0,1.0,,,,0
158,1993,19,20,Tatanka,2073,3086,1013,Yokozuna,0,0,0,face,,0.0,0,0.0,,0.0,0.0,0,,1013.0,1013.0,0.0,,,,0
159,1993,20,24,Jerry Sags,2196,3507,1311,Owen Hart,0,0,0,face,,1.0,Brian Knobbs,0.0,,0.0,0.0,0,,1380.0,690.0,1.0,,,,0
160,1993,21,16,Typhoon,2320,2633,313,Earthquake,0,0,0,heel,,1.0,Earthquake,0.0,,0.0,0.0,0,,313.0,313.0,0.0,,,,0
161,1993,22,18,Fatu,2450,2841,391,Bob Backlund,0,0,0,heel,,1.0,Samu,0.0,,0.0,0.0,0,,391.0,391.0,0.0,,,,0
162,1993,23,22,Earthquake,2575,3236,661,Yokozuna,2,0,0,heel,,1.0,Typhoon,0.0,,8.0,2.0,0,,2297.0,765.0,2.0,,,,2
163,1993,24,21,Carlos Colon,2703,3148,445,Yokozuna,1,0,0,face,,,0,0.0,,1.0,1.0,0,,445.0,445.0,0.0,,,,1
164,1993,25,23,Tito Santana,2826,3489,663,Yokozuna,0,0,0,face,,,0,0.0,,1.0,0.0,0,,5038.0,839.0,5.0,,,,0
165,1993,26,27,Rick Martel,2950,3632,682,Bob Backlund,0,0,0,heel,,,0,0.0,,8.0,1.0,0,,5512.0,1102.0,4.0,,,,0
166,1993,27,30,Yokozuna,3106,3999,893,Winner,7,0,0,heel,,,0,0.0,,7.0,7.0,0,,893.0,893.0,0.0,,,,7
167,1993,28,25,Owen Hart,3198,3536,338,Yokozuna,1,0,0,face,,1.0,Koko B. Ware,0.0,,1.0,1.0,0,,338.0,338.0,0.0,,,,1
168,1993,29,26,Repo Man,3331,3542,211,Randy Savage,0,0,0,heel,,,0,0.0,,2.0,1.0,0,,596.0,298.0,1.0,,,,0
169,1993,30,29,Randy Savage,3457,3999,542,Yokozuna,1,0,0,face,,,0,0.0,,7.0,1.0,1,,3245.0,649.0,4.0,,,,1
170,1994,1,4,Scott Steiner,0,543,543,Diesel,1,0,0,face,,1.0,Rick Steiner,0.0,,1.0,1.0,0,,543.0,543.0,0.0,,,,1
171,1994,2,1,Samu,0,196,196,Scott Steiner,0,0,0,heel,,1.0,Fatu,0.0,,0.0,0.0,0,,486.0,243.0,1.0,,,,0
172,1994,3,2,Rick Steiner,113,350,237,Owen Hart,0,0,0,face,,1.0,Scott Steiner,0.0,,0.0,0.0,0,,237.0,237.0,0.0,,,,0
173,1994,4,6,Kwang,207,564,357,Diesel,0,0,0,heel,,0.0,0,,,0.0,0.0,0,,357.0,357.0,0.0,,,,0
174,1994,5,5,Owen Hart,300,550,250,Diesel,1,0,0,heel,,0.0,0,,,2.0,1.0,0,,588.0,294.0,1.0,,,,1
175,1994,6,3,Bart Gunn,387,537,150,Diesel,0,0,0,face,,1.0,Billy Gunn,,,0.0,0.0,0,,150.0,150.0,0.0,,,,0
176,1994,7,13,Diesel,497,1560,1063,"Bam Bam Bigelow, Crush, Mabel, Thurman""Sparky"" Plugg, Shawn Michaels",7,0,0,heel,,1.0,Shawn Michaels,,,7.0,7.0,0,,1063.0,1063.0,0.0,,,,7
177,1994,8,7,Bob Backlund,579,620,41,Diesel,0,0,0,face,,0.0,0,,,2.0,1.0,1,,3716.0,1858.0,1.0,,,,0
178,1994,9,8,Billy Gunn,673,687,14,Diesel,0,0,0,face,,1.0,Bart Gunn,,,0.0,0.0,0,,14.0,14.0,0.0,,,,0
179,1994,10,9,Virgil,763,795,32,Diesel,0,0,0,face,,0.0,0,,,1.0,0.0,0,,1512.0,504.0,2.0,,,,0
180,1994,11,11,Randy Savage,872,1150,278,Crush,1,0,0,face,,0.0,0,,,8.0,1.0,1,,3523.0,587.0,5.0,,,,1
181,1994,12,10,Jeff Jarrett,955,1034,79,Randy Savage,0,0,0,heel,,0.0,0,,,0.0,0.0,0,,79.0,79.0,0.0,,,,0
182,1994,13,17,Crush,1054,2559,1505,"Bam Bam Bigelow, Bret Hart, Lex Luger, Thurmann ""Sparky"" Plugg",1,2,0,heel,,0.0,0,,,3.0,1.0,0,,2622.0,1311.0,1.0,,,,3
183,1994,14,12,Doink the Clown,1161,1272,111,Bam Bam Bigelow,0,0,0,face,,0.0,0,,,0.0,0.0,0,,111.0,111.0,0.0,,,,0
184,1994,15,24,Bam Bam Bigelow,1252,3066,1814,Lex Luger,2,3,0,heel,,0.0,0,,,5.0,5.0,0,,1814.0,1814.0,0.0,,,,5
185,1994,16,14,Mabel,1356,1952,596,"Bam Bam Bigelow, Crush, Great Kabuki, Greg Valentine, Shawn Michaels, Tatanka, Thurmann ""Sparky"" Plugg",0,1,0,face,,1.0,Mo,,,1.0,1.0,0,,596.0,596.0,0.0,,,,1
186,1994,17,18,"Thurman ""Sparky"" Plugg",1426,2721,1295,"Bret Hart, Shawn Michaels",0,3,0,face,,0.0,0,,,3.0,3.0,0,,1295.0,1295.0,0.0,,,,3
187,1994,18,28,Shawn Michaels,1523,3283,1760,Lex Luger,1,3,0,heel,,1.0,Diesel,,,6.0,1.0,0,,3590.0,897.0,3.0,,,,4
188,1994,19,22,Mo,1628,2996,1368,Fatu,0,0,0,face,,1.0,Mabel,,,0.0,0.0,0,,1368.0,1368.0,0.0,,,,0
189,1994,20,19,Greg Valentine,1714,2956,1242,Rick Martel,0,0,0,face,,0.0,0,,,1.0,0.0,0,,5341.0,1335.0,3.0,,,,0
190,1994,21,23,Tatanka,1807,3016,1209,Bam Bam Bigelow,1,1,0,face,,0.0,0,,,2.0,1.0,0,,2222.0,1111.0,1.0,,,,2
191,1994,22,15,The Great Kabuki,1913,2020,107,Lex Luger,0,1,0,heel,,0.0,0,,,1.0,1.0,0,,107.0,107.0,0.0,,,,1
192,1994,23,29,Lex Luger,1996,3307,1311,Bret Hart,4,2,0,face,,0.0,0,,,6.0,6.0,1,,1311.0,1311.0,0.0,,,,6
193,1994,24,26,Genichiro Tenryu,2108,3151,1043,"Bret Hart, Lex Luger",0,0,0,heel,,0.0,0,,,0.0,0.0,0,,1840.0,920.0,1.0,,,,0
194,1994,25,16,Bastion Booger,2184,2184,0,DQ,0,0,0,heel,,0.0,0,,,0.0,0.0,0,,0.0,0.0,0.0,,,,0
195,1994,26,20,Rick Martel,2291,2973,682,Tatanka,1,0,0,heel,,0.0,0,,,9.0,1.0,0,,6194.0,1032.0,5.0,,,,1
196,1994,27,29,Bret Hart,2409,3307,898,Lex Luger,2,2,0,face,,0.0,0,,,5.0,1.0,1,,4660.0,1165.0,3.0,,,,4
197,1994,28,27,Fatu,2498,3282,784,Bret Hart,1,0,0,heel,,1.0,Samu,,,1.0,0.0,0,,1175.0,587.0,1.0,,,,1
198,1994,29,25,Marty Jannetty,2573,3073,500,Shawn Michaels,0,0,0,face,,0.0,0,,,1.0,0.0,0,,1068.0,356.0,2.0,,,,0
199,1994,30,21,Adam Bomb,2694,2990,296,Lex Luger,0,0,0,heel,,0.0,0,,,0.0,0.0,0,,296.0,296.0,0.0,,,,0
200,1995,1,30,Shawn Michaels,0,2321,2321,Winner,7,1,0,heel,,0.0,0,,,14.0,2.0,0,,5911.0,1182.0,4.0,,,,8
201,1995,2,29,The British Bulldog,0,2321,2321,Shawn Michaels,4,0,0,face,,0.0,0,,,10.0,3.0,0,,5946.0,1982.0,2.0,,,,4
202,1995,3,9,Eli Blu,73,670,597,Sione,1,0,0,heel,,0.0,0,,,1.0,1.0,0,,597.0,597.0,0.0,,,,1
203,1995,4,3,Duke Droese,127,618,491,Shawn Michaels,0,0,0,face,,0.0,0,,,0.0,0.0,0,,491.0,491.0,0.0,,,,0
204,1995,5,1,Jimmy Del Ray,185,270,85,The British Bulldog,0,0,0,heel,,1.0,Tom Prichard,,,0.0,0.0,0,,85.0,85.0,0.0,,,,0
205,1995,6,10,Sione,254,670,416,Eli Blu,3,0,0,heel,,1.0,Fatu,,,3.0,3.0,0,,416.0,416.0,0.0,,,,3
206,1995,7,6,Tom Prichard,308,638,330,Shawn Michaels,0,0,0,heel,,1.0,Jimmy Del Ray,,,0.0,0.0,0,,330.0,330.0,0.0,,,,0
207,1995,8,7,Doink the Clown,372,661,289,Kwang,0,0,0,face,,0.0,0,,,0.0,0.0,0,,400.0,200.0,1.0,,,,0
208,1995,9,8,Kwang,425,665,240,Sione,1,0,0,heel,,0.0,0,,,1.0,0.0,0,,597.0,298.0,1.0,,,,1
209,1995,10,5,Rick Martel,488,636,148,Sione,0,0,0,heel,,0.0,0,,,9.0,1.0,0,,6342.0,906.0,6.0,,,,0
210,1995,11,2,Owen Hart,606,609,3,The British Bulldog,0,0,0,heel,,0.0,0,1.0,,2.0,0.0,0,,591.0,197.0,2.0,,,,0
211,1995,12,4,Timothy Well,610,632,22,The British Bulldog,0,0,0,heel,,1.0,Jacob Dunn,,,0.0,0.0,0,,22.0,22.0,0.0,,,,0
212,1995,13,11,Bushwhacker Luke,673,685,12,Shawn Michaels,0,0,0,face,,1.0,Bushwhacker Butch,,,0.0,0.0,0,,213.0,71.0,2.0,,,,0
213,1995,14,12,Jacob Blu,727,744,17,Shawn Michaels,0,0,0,heel,,1.0,Eli Blu,,,0.0,0.0,0,,17.0,17.0,0.0,,,,0
214,1995,15,14,King Kong Bundy,800,979,179,Mabel,1,0,0,heel,,0.0,0,,,1.0,1.0,0,,179.0,179.0,0.0,,,,1
215,1995,16,13,Mo,846,850,4,King Kong Bundy,0,0,0,face,,1.0,Mabel,,,0.0,0.0,0,,1372.0,686.0,1.0,,,,0
216,1995,17,16,Mabel,920,1037,117,Lex Luger,1,0,0,face,,1.0,Mo,,,2.0,1.0,0,,713.0,356.0,1.0,,,,1
217,1995,18,15,Bushwhacker Butch,975,993,18,Shawn Michaels,0,0,0,face,,1.0,Bushwhacker Luke,,,1.0,0.0,0,,1721.0,573.0,2.0,,,,0
218,1995,19,27,Lex Luger,1029,2161,1132,"Crush, Shawn Michaels",4,0,0,face,,0.0,0,,,10.0,5.0,1,,2443.0,1221.0,1.0,,,,4
219,1995,20,18,Mantaur,1090,1662,572,Lex Luger,0,0,0,heel,,0.0,0,,,0.0,0.0,0,,572.0,572.0,0.0,,,,0
220,1995,21,23,Aldo Montoya,1144,1946,802,Shawn Michaels,1,0,0,face,,0.0,0,,,1.0,1.0,0,,802.0,802.0,0.0,,,,1
221,1995,22,26,Henry O. Godwinn,1206,2086,880,Lex Luger,1,0,0,heel,,0.0,0,,,1.0,1.0,0,,880.0,880.0,0.0,,,,1
222,1995,23,20,Billy Gunn,1264,1709,445,"Crush, Dick Murdoch",0,0,0,face,,1.0,Bart Gunn,,,0.0,0.0,0,,459.0,229.0,1.0,,,,0
223,1995,24,19,Bart Gunn,1329,1708,379,"Crush, Dick Murdoch",0,0,0,face,,1.0,Billy Gunn,,,0.0,0.0,0,,529.0,264.0,1.0,,,,0
224,1995,25,17,Bob Backlund,1453,1467,14,Lex Luger,0,0,0,heel,,0.0,0,1.0,,2.0,0.0,1,,3730.0,1243.0,2.0,,,,0
225,1995,26,21,Steven Dunn,1449,1719,270,Aldo Montoya,0,0,0,heel,,1.0,Timothy Well,,,0.0,0.0,0,,270.0,270.0,0.0,,,,0
226,1995,27,25,Dick Murdoch,1524,2012,488,Henry O. Godwinn,0,2,0,neutral,,0.0,0,,,2.0,2.0,0,,488.0,488.0,0.0,,,,2
227,1995,28,22,Adam Bomb,1590,1910,320,Crush,0,0,0,face,,0.0,0,,,0.0,0.0,0,,616.0,308.0,1.0,,,,0
228,1995,29,24,Fatu,1641,1974,333,Crush,0,0,0,face,,0.0,0,,,1.0,0.0,0,,1508.0,502.0,2.0,,,,0
229,1995,30,28,Crush,1705,2236,531,The British Bulldog,2,3,0,heel,,0.0,0,,,8.0,2.0,0,,3153.0,1051.0,2.0,,,,5
230,1996,1,19,Hunter Hearst Helmsley,0,2878,2878,Diesel,0,1,0,heel,,0.0,0,,,1.0,1.0,0,,2878.0,2878.0,0.0,,,,1
231,1996,2,2,Henry O. Godwinn,0,980,980,Jake Roberts,0,0,0,face,,0.0,0,,,1.0,0.0,0,,1860.0,930.0,1.0,,,,0
232,1996,3,1,Bob Backlund,140,883,743,Yokozuna,0,0,0,heel,,0.0,0,,,2.0,0.0,1,,4473.0,1118.0,3.0,,,,0
233,1996,4,16,Jerry Lawler,266,2429,2163,Shawn Michaels,0,0,0,heel,,0.0,0,,,2.0,1.0,0,,3039.0,1519.0,1.0,,,,0
234,1996,5,18,Bob Holly,367,2742,2375,The Ringmaster,0,0,0,face,,0.0,0,,,0.0,0.0,0,,2375.0,2375.0,0.0,,,,0
235,1996,6,3,King Mabel,517,1252,735,Yokozuna,0,0,0,heel,,0.0,0,,,0.0,0.0,0,,735.0,735.0,0.0,,,,0
236,1996,7,6,Jake Roberts,623,1502,879,Vader,0,1,0,face,,0.0,0,,,4.0,0.0,0,,4366.0,727.0,5.0,,,,1
237,1996,8,5,Dory Funk Jr.,743,1396,653,Savio Vega,0,0,0,neutral,,0.0,0,,,0.0,0.0,1,,653.0,653.0,0.0,,,,0
238,1996,9,11,Yokozuna,868,2022,1154,Shawn Michaels,3,0,0,heel,,1.0,Owen Hart,,,10.0,5.0,1,,2047.0,1023.0,1.0,,,,3
239,1996,10,13,1-2-3 Kid,979,2039,1060,Shawn Michaels,0,0,0,heel,,1.0,"Tatanka, Kama, Steve Austin",,,0.0,0.0,0,,1060.0,1060.0,0.0,,,,0
240,1996,11,4,Takao Omori,1099,1267,168,"Hunter Hearst Helmsley, Jake Roberts",0,0,0,neutral,,0.0,0,,,0.0,0.0,0,,168.0,168.0,0.0,,,,0
241,1996,12,10,Savio Vega,1220,1968,748,Vader,1,0,0,face,,0.0,0,,,1.0,1.0,0,,748.0,748.0,0.0,,,,1
242,1996,13,12,Vader,1361,2022,661,Shawn Michaels,4,0,0,heel,,0.0,0,,,4.0,4.0,1,,661.0,661.0,0.0,,,,4
243,1996,14,7,Doug Gilbert,1465,1643,178,Vader,0,0,0,neutral,,0.0,0,,,0.0,0.0,0,,178.0,178.0,0.0,,,,0
244,1996,15,8,Squat Teamer 1,1589,1658,69,Vader,0,0,0,heel,,1.0,Squat Teamer 1,,,0.0,0.0,0,,69.0,69.0,0.0,,,,0
245,1996,16,9,Squat Teamer 2,1739,1761,22,Yokozuna,0,0,0,heel,,1.0,Squat Teamer 2,,,0.0,0.0,0,,22.0,22.0,0.0,,,,0
246,1996,17,21,Owen Hart,1850,3091,1241,Diesel and Shawn Michaels,2,0,0,heel,,1.0,Yokozuna,,,4.0,1.0,0,,1832.0,458.0,3.0,,,,2
247,1996,18,30,Shawn Michaels,1958,3524,1566,Winner,7,1,0,face,,1.0,Diesel,,,22.0,3.0,0,,7477.0,1246.0,5.0,,,,8
248,1996,19,14,Hakushi,2192,2305,113,Owen Hart,0,0,0,face,,0.0,0,,,0.0,0.0,0,,113.0,113.0,0.0,,,,0
249,1996,20,17,Tatanka,2213,2461,248,Diesel,1,0,0,heel,,1.0,"1-2-3 Kid, Kama, Steve Austin",,,3.0,1.0,0,,2470.0,823.0,2.0,,,,1
250,1996,21,15,Aldo Montoya,2314,2426,112,Tatanka,0,0,0,face,,0.0,0,,,1.0,0.0,0,,914.0,457.0,1.0,,,,0
251,1996,22,29,Diesel,2455,3524,1069,Shawn Michaels,3,2,0,neutral,,1.0,Shawn Michaels,,,12.0,6.0,1,,2132.0,1066.0,1.0,,,,5
252,1996,23,28,Kama,2564,3520,956,Diesel,0,1,0,heel,,1.0,"1-2-3 Kid,Tatanka, Steve Austin",,,1.0,1.0,0,,956.0,956.0,0.0,,,,1
253,1996,24,23,Steve Austin,2688,3343,655,Fatu,1,0,0,heel,,1.0,"1-2-3 Kid, Kama, Tatanka",,,1.0,1.0,0,,655.0,655.0,0.0,,,,1
254,1996,25,20,Barry Horowitz,2805,3059,254,Owen Hart,0,0,0,face,,0.0,0,,,0.0,0.0,0,,254.0,254.0,0.0,,,,0
255,1996,26,24,Fatu,2935,3362,427,"Isaac Yankem, DDS",1,0,0,face,,0.0,0,,,2.0,0.0,0,,1935.0,483.0,3.0,,,,1
256,1996,27,25,"Isaac Yankem, DDS",3053,3478,425,Shawn Michaels,1,0,0,heel,,0.0,0,,,1.0,1.0,0,,425.0,425.0,0.0,,,,1
257,1996,28,22,Marty Jannetty,3165,3320,155,The British Bulldog,0,0,0,face,,0.0,0,,,1.0,0.0,0,,1223.0,305.0,3.0,,,,0
258,1996,29,27,The British Bulldog,3288,3507,219,Shawn Michaels,1,0,0,heel,,0.0,0,,,11.0,2.0,0,,6165.0,1541.0,3.0,,,,1
259,1996,30,26,Duke Droese,3414,3484,70,Diesel and Kama,0,0,0,face,,0.0,0,,,0.0,0.0,0,,561.0,280.0,1.0,,,,0
260,1997,1,3,Crush,0,372,372,Phineas Godwinn,0,0,0,heel,,1.0,Farooq,,,8.0,2.0,0,,3525.0,881.0,3.0,,,,0
261,1997,2,2,Ahmed Johnson,0,176,176,Ahmed Johnson,1,0,0,face,,0.0,0,,1.0,1.0,1.0,0,,176.0,176.0,0.0,,,,1
262,1997,3,1,"""Fake"" Razor Ramon",119,134,15,Ahmed Johnson,0,0,0,heel,,0.0,0,,,0.0,0.0,0,,15.0,15.0,0.0,,,,0
263,1997,4,4,Phineas I. Godwinn,215,388,173,Stone Cold Steve Austin,1,0,0,face,,1.0,Henry O. Godwinn,,,1.0,1.0,0,,173.0,173.0,0.0,,,,1
264,1997,5,30,Stone Cold Steve Austin,325,3027,2702,Winner,7,0,3,heel,,0.0,0,,,10.0,10.0,0,,2702.0,2702.0,0.0,,,,10
265,1997,6,5,Bart Gunn,406,431,25,Stone Cold Steve Austin,0,0,0,face,,0.0,0,,,0.0,0.0,0,,554.0,184.0,2.0,,,,0
266,1997,7,6,Jake Roberts,502,572,70,Stone Cold Steve Austin,0,0,0,face,,0.0,0,,,4.0,0.0,0,,4436.0,633.0,6.0,,,,0
267,1997,8,8,The British Bulldog,586,1070,484,Owen Hart,1,0,0,neutral,,1.0,Owen Hart,,,12.0,2.0,0,,6649.0,1329.0,4.0,,,,1
268,1997,9,10,Pierroth,671,1302,631,Mil Máscaras,0,1,0,neutral,,0.0,0,,,1.0,1.0,0,,631.0,631.0,0.0,,,,1
269,1997,10,7,The Sultan,776,979,203,The British Bulldog,0,0,0,heel,,0.0,0,,,0.0,0.0,0,,203.0,203.0,0.0,,,,0
270,1997,11,11,Mil Máscaras,863,1310,447,Mil Máscaras,1,1,0,face,,0.0,0,,1.0,2.0,2.0,0,,447.0,447.0,0.0,,,,2
271,1997,12,12,Hunter Hearst Helmsley,940,1342,402,Goldust,0,0,0,heel,,0.0,0,,,1.0,0.0,0,,3280.0,1640.0,1.0,,,,0
272,1997,13,17,Owen Hart,1038,1546,508,Stone Cold Steve Austin,2,0,0,heel,,1.0,The British Bulldog,,,6.0,1.0,0,,2340.0,468.0,4.0,,,,2
273,1997,14,13,Goldust,1121,1455,334,Owen Hart,1,0,0,face,,0.0,0,,,1.0,1.0,0,,334.0,334.0,0.0,,,,1
274,1997,15,9,Cibernético,1210,1294,84,Mil Máscaras and Pierroth,0,0,0,neutral,,0.0,0,,,0.0,0.0,0,,84.0,84.0,0.0,,,,0
275,1997,16,16,Marc Mero,1312,1546,234,Stone Cold Steve Austin,0,0,0,face,,0.0,0,,,0.0,0.0,0,,234.0,234.0,0.0,,,,0
276,1997,17,14,Latin Lover,1393,1500,107,Faarooq,0,0,0,face,,0.0,0,,,0.0,0.0,0,,107.0,107.0,0.0,,,,0
277,1997,18,15,Faarooq,1481,1522,41,Ahmed Johnson,1,0,0,heel,,1.0,Crush,1.0,,1.0,1.0,0,,41.0,41.0,0.0,,,,1
278,1997,19,18,Savio Vega,1569,1615,46,Stone Cold Steve Austin,0,0,0,face,,0.0,0,,,1.0,0.0,0,,794.0,397.0,1.0,,,,0
279,1997,20,19,Jesse James,1664,1692,28,Stone Cold Steve Austin,0,0,0,face,,0.0,0,1.0,,0.0,0.0,0,,28.0,28.0,0.0,,,,0
280,1997,21,29,Bret Hart,1767,3027,1260,Stone Cold Steve Austin,2,0,0,face,,0.0,0,,,7.0,1.0,1,,5920.0,1184.0,4.0,,,,2
281,1997,22,20,Jerry Lawler,1860,1865,5,Bret Hart,0,0,0,heel,,0.0,0,,,2.0,0.0,0,,3044.0,1014.0,2.0,,,,0
282,1997,23,28,"""Fake"" Diesel",1953,3023,1070,Bret Hart,0,0,0,heel,,0.0,0,0.0,,0.0,0.0,0,,1070.0,1070.0,0.0,,,,0
283,1997,24,24,Terry Funk,2037,2955,918,Mankind,0,0,0,neutral,,0.0,0,,,0.0,0.0,0,,918.0,918.0,0.0,,,,0
284,1997,25,23,The Rock,2126,2907,781,Mankind,0,0,0,face,,0.0,0,,,0.0,0.0,0,,781.0,781.0,0.0,,,,0
285,1997,26,25,Mankind,2235,2971,736,The Undertaker,2,0,0,heel,,0.0,0,,,2.0,2.0,0,,736.0,736.0,0.0,,,,2
286,1997,27,21,Flash Funk,2312,2683,371,Vader,0,0,0,face,,0.0,0,,,0.0,0.0,0,,371.0,371.0,0.0,,,,0
287,1997,28,26,Vader,2414,3017,603,Stone Cold Steve Austin,1,0,0,heel,,0.0,0,1.0,,5.0,2.0,1,,1264.0,632.0,1.0,,,,1
288,1997,29,22,Henry O. Godwinn,2497,2868,371,The Undertaker,0,0,0,face,,1.0,Phineas I. Godwinn,,,1.0,0.0,0,,2231.0,743.0,2.0,,,,0
289,1997,30,27,The Undertaker,2612,3018,406,Stone Cold Steve Austin,2,0,0,face,,0.0,0,1.0,,10.0,2.0,1,,2351.0,587.0,3.0,,,,2
