year,entry_num,exit_num,name,entry_time,exit_time,total_time,elim_by,solo_elim,group_elim,illegal_elim,alignment,tag_overlap,tag_team,tag_partner,illegal_exit,accidental_exit,cum_elim,avg_cum_elim,world_champ,,cum_time,avg_cum_time,prev_app,us_champ,cruise_champ,break_begin,break_end,total_break,break,world_reigns,ic_reigns,us_reigns
1988,1,8,Bret Hart,01:19:14,01:45:00,,Don Muraco,0,1,0,heel,,1,Jim Neidhart,0,0,0,0,0,,,,,0,0,,,,,,,
1988,2,2,Tito Santana,01:19:14,01:29:58,,"Bret Hart, Jim Neidhart",0,0,0,face,,0,0,0,0,0,0,0,,,,,0,0,,,,,,,
1988,3,1,Butch Reed,01:21:22,01:24:39,,Jake Roberts,0,0,0,heel,,0,0,0,0,0,0,0,,,,,0,0,,,,,,,
1988,4,6,Jim Neidhart,01:23:04,01:42:10,,Hillbilly Jim,0,1,0,heel,,1,Bret Hart,0,0,0,0,0,,,,,0,0,,,,,,,
1988,5,10,Jake Roberts,01:24:35,01:46:28,,One Man Gang,1,1,0,face,,0,0,0,0,0,0,0,,,,,0,0,,,,,,,
1988,6,4,Harley Race,01:26:07,01:36:10,,Don Muraco,0,0,0,heel,,0,0,0,0,0,0,1,,,,,0,0,,,,,,,
1988,7,5,Jim Brunzell,01:27:32,01:39:38,,Nikolai Volkov,1,0,0,face,,1,B. Brian Blair,0,0,0,0,0,,,,,0,0,,,,,,,
1988,8,7,Sam Houston,01:28:59,01:43:39,,Ron Bass,0,0,0,face,,0,0,0,0,0,0,0,,,,,0,0,,,,,,,
1988,9,13,Danny Davis,01:30:34,01:48:25,,Hacksaw Jim Duggan,0,0,0,heel,,0,0,0,0,0,0,0,,,,,0,0,,,,,,,
1988,10,3,Boris Zhukov,01:32:02,01:34:35,,"Jake Roberts, Jim Brunzell",0,0,0,heel,,0,0,0,0,0,0,0,,,,,0,0,,,,,,,
1988,11,17,Don Muraco,01:34:11,01:50:27,,"One Man Gang, Dino Bravo",3,0,0,face,,0,0,0,0,0,0,0,,,,,0,0,,,,,,,
1988,12,11,Nikolai Volkov,01:35:37,01:47:37,,Hacksaw Jim Duggan,1,0,0,heel,,0,0,0,0,0,0,0,,,,,0,0,,,,,,,
1988,13,20,Hacksaw Jim Duggan,01:37:54,01:52:38,,Winner,3,0,0,face,,0,0,0,0,0,0,0,,,,,0,0,,,,,,,
1988,14,16,Ron Bass,01:39:01,01:49:15,,Don Muraco,2,0,0,heel,,0,0,0,0,0,0,0,,,,,0,0,,,,,,,
1988,15,9,B. Brian Blair,01:40:25,01:46:15,,One Man Gang,0,0,0,face,,1,Jim Brunzell,0,0,0,0,0,,,,,0,0,,,,,,,
1988,16,12,Hillbilly Jim,01:41:56,01:47:50,,One Man Gang,1,0,0,face,,0,0,0,0,0,0,0,,,,,0,0,,,,,,,
1988,17,18,Dino Bravo,01:43:25,01:51:37,,One Man Gang,0,2,0,heel,,0,0,0,1,0,0,0,,,,,0,0,,,,,,,
1988,18,14,Ultimate Warrior,01:44:50,01:48:41,,"One Man Gang, Dino Bravo",0,0,0,face,,0,0,0,0,0,0,0,,,,,0,0,,,,,,,
1988,19,19,One Man Gang/Akeem,01:45:49,01:52:38,,Hacksaw Jim Duggan,4,2,0,heel,,0,0,0,0,0,0,0,,,,,0,0,,,,,,,
1988,20,15,Junkyard Dog,01:46:55,01:49:03,,Ron Bass,0,0,0,face,,0,0,0,0,0,0,0,,,,,0,0,,,,,,,
1989,1,4,Ax,01:25:13,01:39:49,,Mr. Perfect,0,0,0,face,,1,Smash,0,0,,,0,,,,,0,,,,,,,,
1989,2,1,Smash,01:25:13,01:30:09,,Andre the Giant,0,0,0,face,,1,Ax,0,0,,,0,,,,,0,,,,,,,,
1989,3,5,Andre the Giant,01:27:59,01:41:54,,Andre the Giant,3,0,0,heel,,0,0,1,1,,,1,,,,,0,,,,,,,,
1989,4,11,Mr. Perfect,01:29:52,01:57:49,,Hulk Hogan,1,0,0,face,,0,0,0,0,,,0,,,,,0,,,,,,,,
1989,5,2,Ronnie Garvin,01:31:36,01:34:15,,Andre the Giant,0,0,0,face,,0,0,0,0,,,0,,,,,0,,,,,,,,
1989,6,8,Greg Valentine,01:33:42,01:53:35,,Randy Savage,0,0,0,heel,,0,0,0,0,,,0,,,,,0,,,,,,,,
1989,7,3,Jake Roberts,01:35:33,01:37:42,,Andre the Giant,0,0,0,face,,0,0,0,0,,,0,,,,,0,,,,,,,,
1989,8,7,Ron Bass,01:37:35,01:50:12,,"Marty Jannetty, Shawn Michaels",0,0,0,heel,,0,0,0,0,,,0,,,,,0,,,,,,,,
1989,9,9,Shawn Michaels,01:39:34,01:54:05,,"Arn Anderson, Randy Savage",0,1,0,face,,1,Marty Janetty,0,0,,,0,,,,,0,,,,,,,,
1989,10,13,Bushwhacker Butch,01:41:40,01:59:55,,"Hulk Hogan, Bad News Brown",0,1,0,face,,0,0,0,0,,,0,,,,,0,,,,,,,,
1989,11,6,The Honky Tonk Man,01:43:45,01:47:56,,"Bushwhacker Butch, Tito Santana",0,0,0,heel,,0,0,0,0,,,0,,,,,0,,,,,,,,
1989,12,12,Tito Santana,01:45:34,01:58:11,,"Arn Anderson, Randy Savage",0,0,0,face,,1,Rick Martel,0,0,,,0,,,,,0,,,,,,,,
1989,13,19,Bad News Brown,01:47:36,02:04:00,,Hulk Hogan,0,1,0,heel,,0,0,0,0,,,0,,,,,0,,,,,,,,
1989,14,10,Marty Jannetty,01:49:34,01:57:26,,Tully Blanchard,0,1,0,face,,1,Shawn Michaels,0,0,,,0,,,,,0,,,,,,,,
1989,15,20,Randy Savage,01:51:34,02:04:00,,Hulk Hogan,1,2,0,face,,1,Hulk Hogan,0,0,,,1,,,,,0,,,,,,,,
1989,16,16,Arn Anderson,01:53:38,02:03:38,,Hulk Hogan,0,2,0,heel,,1,Tully Blanchard,0,0,,,0,,,,,0,,,,,,,,
1989,17,17,Tully Blanchard,01:55:37,02:03:38,,Hulk Hogan,1,0,0,heel,,1,Arn Anderson,0,0,,,0,,,,,0,,,,,,,,
1989,18,21,Hulk Hogan,01:57:37,02:09:09,,"Akeem, Big Boss Man",8,1,1,face,,1,Randy Savage,0,0,,,1,,,,,0,,,,,,,,
1989,19,15,Bushwhacker Luke,01:59:39,02:02:57,,Hulk Hogan,0,0,0,face,,0,0,0,0,,,0,,,,,0,,,,,,,,
1989,20,14,Koko B. Ware,02:01:37,02:02:44,,Hulk Hogan,0,0,0,face,,0,0,0,0,,,0,,,,,0,,,,,,,,
1989,21,18,The Warlord,02:03:53,02:03:55,,Hulk Hogan,0,0,0,heel,,0,0,0,0,,,0,,,,,0,,,,,,,,
1989,22,22,Big Boss Man,02:05:53,02:10:11,,Hulk Hogan,0,1,0,heel,,1,Akeem,1,0,,,0,,,,,0,,,,,,,,
1989,23,28,One Man Gang/Akeem,02:07:46,02:28:16,,Big John Studd,1,1,0,heel,,1,Big Boss Man,0,0,,,0,,,,,0,,,,,,,,
1989,24,24,Brutus Beefcake,02:09:58,02:24:53,,"Ted DiBiase, The Barbarian",0,0,0,face,,0,0,0,0,,,0,,,,,0,,,,,,,,
1989,25,23,The Red Rooster,02:11:40,02:22:56,,Ted DiBiase,0,0,0,face,,0,0,0,0,,,0,,,,,0,,,,,,,,
1989,26,26,The Barbarian,02:13:50,02:26:05,,Rick Martel,0,2,0,heel,,0,0,0,0,,,0,,,,,0,,,,,,,,
1989,27,30,Big John Studd,02:16:04,02:30:19,,Winner,2,0,0,face,,0,0,0,0,,,0,,,,,0,,,,,,,,
1989,28,25,Hercules,02:17:41,02:24:53,,"Ted DiBiase, The Barbarian",0,0,0,face,,0,0,0,0,,,0,,,,,0,,,,,,,,
1989,29,27,Rick Martel,02:19:41,02:26:47,,Akeem,1,0,0,face,,1,Tito Santana,0,0,,,0,,,,,0,,,,,,,,
1989,30,29,Ted DiBiase,02:21:57,02:30:19,,Big John Studd,1,2,0,heel,,0,0,0,0,,,0,,,,,0,,,,,,,,
1990,1,18,Ted DiBiase,01:39:49,02:24:42,,The Ultimate Warrior,2,1,0,heel,,0,0,0,0,,,0,,,,,0,,,,,,,,
1990,2,1,Koko B. Ware,01:39:49,01:41:27,,Ted DiBiase,0,0,0,face,,0,0,0,0,,,0,,,,,0,,,,,,,,
1990,3,2,Marty Jannetty,01:42:00,01:43:36,,Ted DiBiase,0,0,0,face,,1,Shawn Michaels,0,0,,,0,,,,,0,,,,,,,,
1990,4,3,Jake Roberts,01:44:28,01:54:35,,Randy Savage,0,0,0,face,,0,0,0,0,,,0,,,,,0,,,,,,,,
1990,5,4,Randy Savage,01:46:04,01:56:15,,Dusty Rhodes,1,0,0,heel,,0,0,0,0,,,1,,,,,0,,,,,,,,
1990,6,7,Roddy Piper,01:47:53,02:00:14,,Bad News Brown,1,0,0,face,,0,0,1,0,,,0,,,,,0,,,,,,,,
1990,7,5,The Warlord,01:50:03,01:58:19,,Andre the Giant,0,0,0,heel,,0,0,0,0,,,0,,,,,0,,,,,,,,
1990,8,9,Bret Hart,01:51:50,02:08:08,,Dusty Rhodes,0,0,0,face,,1,Jim Neidhart,0,0,,,1,,,,,0,,,,,,,,
1990,9,6,Bad News Brown,01:54:04,02:00:07,,Roddy Piper,0,0,1,heel,,0,0,0,0,,,0,,,,,0,,,,,,,,
1990,10,12,Dusty Rhodes,01:55:50,02:14:09,,Earthquake,2,0,0,face,,0,0,0,0,,,1,,,,,0,,,,,,,,
1990,11,10,Andre the Giant,01:58:08,02:08:23,,Ax & Smash,2,0,0,heel,,1,Haku,0,0,,,1,,,,,0,,,,,,,,
1990,12,8,The Red Rooster,01:59:50,02:01:48,,Andre the Giant,0,0,0,face,,0,0,0,0,,,0,,,,,0,,,,,,,,
1990,13,13,Ax,02:01:46,02:14:36,,Earthquake,0,1,0,face,,1,Smash,0,0,,,0,,,,,0,,,,,,,,
1990,14,20,Haku,02:03:45,02:26:19,,Hulk Hogan,1,1,0,heel,,1,Andre the Giant,0,0,,,0,,,,,0,,,,,,,,
1990,15,16,Smash,02:05:42,02:20:42,,Haku,0,2,0,face,,1,Ax,0,0,,,0,,,,,0,,,,,,,,
1990,16,11,One Man Gang/Akeem,02:07:51,02:10:22,,Jimmy Snuka,0,0,0,heel,,0,0,0,0,,,0,,,,,0,,,,,,,,
1990,17,19,Jimmy Snuka,02:09:54,02:25:57,,Hulk Hogan,1,1,0,face,,0,0,0,0,,,0,,,,,0,,,,,,,,
1990,18,15,Dino Bravo,02:11:48,02:18:01,,The Ultimate Warrior,0,1,0,heel,,0,0,0,0,,,0,,,,,0,,,,,,,,
1990,19,14,Earthquake,02:13:52,02:16:22,,"Jim Neidhart, Haku, Smash, Jimmy Snuka, Ted DiBiase, Dino Bravo",2,0,0,heel,,0,0,0,0,,,0,,,,,0,,,,,,,,
1990,20,17,Jim Neidhart,02:15:43,02:24:25,,The Ultimate Warrior & Rick Martel,0,1,0,face,,0,0,0,0,,,0,,,,,0,,,,,,,,
1990,21,25,The Ultimate Warrior,02:17:41,02:32:12,,"Hulk Hogan, The Barbarian, Rick Rude",4,2,0,face,,0,0,0,0,,,0,,,,,0,,,,,,,,
1990,22,24,Rick Martel,02:19:49,02:28:04,,The Ultimate Warrior,0,2,0,heel,,0,0,0,0,,,0,,,,,0,,,,,,,,
1990,23,21,Tito Santana,02:21:42,02:26:51,,"The Ultimate Warrior, Rick Martel",0,0,0,face,,0,0,0,0,,,0,,,,,0,,,,,,,,
1990,24,22,The Honky Tonk Man,02:23:51,02:27:53,,Hulk Hogan,0,0,0,heel,,0,0,0,0,,,0,1,,,,0,,,,,,,,
1990,25,30,Hulk Hogan,02:25:44,02:38:33,,Winner,4,2,0,face,,0,0,0,0,,,1,,,,,0,,,,,,,,
1990,26,23,Shawn Michaels,02:27:49,02:28:01,,The Ultimate Warrior,0,0,0,face,,1,Marty Janetty,0,0,,,0,,,,,0,,,,,,,,
1990,27,26,The Barbarian,02:29:37,02:35:35,,Hercules,0,1,0,heel,,0,0,0,0,,,0,,,,,0,,,,,,,,
1990,28,28,Rick Rude,02:30:26,02:36:53,,"Hulk Hogan, Mr. Perfect",1,1,0,heel,,0,0,0,0,,,0,,,,,0,,,,,,,,
1990,29,27,Hercules,02:32:56,02:35:57,,Rick Rude,1,0,0,face,,0,0,0,0,,,0,,,,,0,,,,,,,,
1990,30,29,Mr. Perfect,02:35:02,02:38:33,,Hulk Hogan,0,1,0,heel,,0,0,0,0,,,0,,,,,0,,,,,,,,
1991,1,4,Bret Hart,01:58:12,02:18:50,,The Undertaker,0,0,0,face,,1,Jim Neidhart,0,0,,,0,,,,,0,,,,,,,,
1991,2,1,Dino Bravo,01:58:12,02:01:20,,Greg Valentine,0,0,0,heel,,0,0,0,0,,,0,,,,,0,,,,,,,,
1991,3,15,Greg Valentine,02:00:21,02:44:34,,Hulk Hogan,1,0,0,heel,,0,0,0,0,,,0,,,,,0,,,,,,,,
1991,4,3,Paul Roma,02:02:20,02:16:26,,Jake Roberts,0,0,0,heel,,1,Hercules,0,0,,,0,,,,,0,,,,,,,,
1991,5,7,The Texas Tornado,02:04:19,02:28:40,,The Undertaker,0,0,0,face,,0,0,0,0,,,1,,,,,0,,,,,,,,
1991,6,26,Rick Martel,02:06:19,02:58:49,,The British Bulldog,3,1,0,heel,,0,0,0,0,,,0,,,,,0,,,,,,,,
1991,7,2,Saba Simba,02:08:23,02:10:51,,Rick Martel,0,0,0,face,,0,0,0,0,,,0,,,,,0,,,,,,,,
1991,8,5,Bushwhacker Butch,02:10:33,02:20:41,,The Undertaker,0,0,0,face,,0,0,0,0,,,0,,,,,0,,,,,,,,
1991,9,6,Jake Roberts,02:12:23,02:25:25,,Rick Martel,1,0,0,face,,0,0,0,0,,,0,,,,,0,,,,,,,,
1991,10,18,Hercules,02:14:24,02:52:09,,Brian Knobbs,0,1,0,heel,,1,Paul Roma,0,0,,,0,,,,,0,,,,,,,,
1991,11,16,Tito Santana,02:16:25,02:46:55,,Earthquake,0,0,0,face,,0,0,0,0,,,0,,,,,0,,,,,,,,
1991,12,10,The Undertaker,02:18:39,02:32:59,,"Hawk, Animal",3,0,0,heel,,0,0,0,0,,,1,,,,,0,,,,,,,,
1991,13,8,Jimmy Snuka,02:20:36,02:28:43,,Hawk,0,0,0,face,,0,0,0,,,,0,,,,,0,,,,,,,,
1991,14,27,The British Bulldog,02:22:24,02:59:13,,"Earthquake, Brian Knobbs",3,0,0,face,,0,0,0,,,,0,,,,,0,,,,,,,,
1991,15,14,Smash,02:24:26,02:42:53,,Hulk Hogan,0,0,0,heel,,1,Crush,0,,,,0,,,,,0,,,,,,,,
1991,16,11,Hawk,02:26:24,02:33:03,,"Rick Martel, Hercules",1,1,0,face,,1,Animal,0,,,,0,,,,,0,,,,,,,,
1991,17,21,Shane Douglas,02:28:26,02:54:54,,Brian Knobbs,0,0,0,face,,0,0,0,,,,0,,,,,0,,,,,,,,
1991,18,9,Randy Savage,02:30:25,02:30:25,0,DQ,0,0,0,heel,,0,0,0,,,,1,,,,,0,,,,,,,,
1991,19,12,Animal,02:32:25,02:39:05,,Earthquake,0,1,0,face,,1,Hawk,0,,,,0,,,,,0,,,,,,,,
1991,20,19,Crush,02:34:28,02:53:05,,Hulk Hogan,0,0,0,heel,,1,Smash,0,,,,0,,,,,0,,,,,,,,
1991,21,13,Hacksaw Jim Duggan,02:36:32,02:41:16,,Mr. Perfect,0,0,0,face,,0,0,0,,,,0,,,,,0,,,,,,,,
1991,22,29,Earthquake,02:38:43,03:03:29,,Hulk Hogan,3,1,0,heel ,,0,0,0,,,,0,,,,,0,,,,,,,,
1991,23,23,Mr. Perfect,02:40:58,02:57:14,,The British Bulldog,0,0,0,heel,,0,0,0,,,,0,,,,,0,,,,,,,,
1991,24,30,Hulk Hogan,02:42:30,03:03:29,,Winner,7,0,0,face,,0,0,0,,,,1,,,,,0,,,,,,,,
1991,25,25,Haku,02:44:33,02:57:57,,The British Bulldog,0,0,0,heel,,0,0,0,,,,0,,,,,0,,,,,,,,
1991,26,24,Jim Neidhart,02:46:30,02:57:42,,Rick Martel,0,0,0,face,,1,Bret Hart,0,,,,0,,,,,0,,,,,,,,
1991,27,17,Bushwhacker Luke,02:48:49,02:48:52,,Earthquake,0,0,0,face,,0,0,0,,,,0,,,,,0,,,,,,,,
1991,28,28,Brian Knobbs,02:50:33,03:00:41,,Hulk Hogan,2,1,0,heel,,0,0,0,,,,0,,,,,0,,,,,,,,
1991,29,20,The Warlord,02:52:32,02:54:08,,Hulk Hogan,0,0,0,heel,,0,0,0,,,,0,,,,,0,,,,,,,,
1991,30,22,Tugboat,02:54:33,02:57:05,,Hulk Hogan,0,0,0,face,,0,0,0,,,,0,,,,,0,,,,,,,,
1992,1,7,The British Bulldog,00:02:29,00:26:05,,Ric Flair,3,0,0,face,,0,0,0,,,,0,,,,,0,,,,,,,,
1992,2,1,Ted DiBiase,00:02:29,00:03:47,,The British Bulldog,0,0,0,heel,,0,0,0,,,,0,,,,,0,,,,,,,,
1992,3,30,Ric Flair,00:05:00,01:04:30,,Winner,3,2,0,heel,,0,0,0,,,,1,,,,,0,,,,,,,,
1992,4,2,Jerry Sags,00:06:47,00:07:56,,The British Bulldog,0,0,0,heel,,0,0,0,,,,0,,,,,0,,,,,,,,
1992,5,3,Haku,00:08:37,00:10:27,,The British Bulldog,0,0,0,heel,,0,0,0,,,,0,,,,,0,,,,,,,,
1992,6,10,Shawn Michaels,00:10:49,00:26:36,,Tito Santana,1,0,0,heel,,0,0,0,,,,0,,,,,0,,,,,,,,
1992,7,9,Tito Santana,00:12:41,00:26:36,,Shawn Michaels,1,0,0,face,,0,0,0,,,,0,,,,,0,,,,,,,,
1992,8,11,The Barbarian,00:14:47,00:27:43,,Hercules,0,0,0,heel,,1,The Warlord,0,,,,0,,,,,,,,,,,,,
1992,9,8,The Texas Tornado,00:16:56,00:26:16,,Ric Flair,0,0,0,face,,0,0,0,,,,1,,,,,,,,,,,,,
1992,10,6,Repo Man,00:19:02,00:25:27,,Big Boss Man,2,0,0,heel,,0,0,0,,,,0,,,,,,,,,,,,,
1992,11,5,Greg Valentine,00:20:45,00:24:58,,Repo Man,0,0,0,face,,0,0,0,,,,0,,,,,,,,,,,,,
1992,12,4,Nikolai Volkoff,00:22:52,00:23:55,,Repo Man,0,0,0,heel,,0,0,0,,,,0,,,,,,,,,,,,,
1992,13,13,Big Boss Man,00:24:44,00:28:22,,Ric Flair,2,0,0,face,,0,0,0,,,,0,,,,,,,,,,,,,
1992,14,12,Hercules,00:26:50,00:27:46,,Big Boss Man,1,0,0,heel,,0,0,0,,,,0,,,,,,,,,,,,,
1992,15,26,Roddy Piper,00:29:00,01:03:07,,Sid Justice,1,0,0,face,,0,0,0,,,,0,,,,,,,,,,,,,
1992,16,15,Jake Roberts,00:31:03,00:41:59,,Randy Savage,0,0,0,heel,,0,0,0,,,,0,,,,,,,,,,,,,
1992,17,19,Hacksaw Jim Duggan,00:33:10,00:53:57,,Virgil,1,0,0,face,,0,0,0,,,,0,,,,,,,,,,,,,
1992,18,23,Irwin R. Schyster,00:35:16,01:02:19,,Roddy Piper,0,0,0,heel,,0,0,0,,,,0,,,,,,,,,,,,,
1992,19,14,Jimmy Snuka,00:37:14,00:39:41,,The Undertaker,0,0,0,face,,0,0,0,,,,0,,,,,,,,,,,,,
1992,20,17,The Undertaker,00:39:36,00:53:27,,Hulk Hogan,1,0,0,heel,,0,0,0,,,,1,,,,,,,,,,,,,
1992,21,27,Randy Savage,00:41:04,01:03:30,,"Ric Flair, Sid Justice",2,0,0,face,,0,0,0,,,,1,,,,,,,,,,,,,
1992,22,18,The Berzerker,00:44:35,00:53:35,,Hulk Hogan,0,0,0,heel,,0,0,0,,,,0,,,,,,,,,,,,,
1992,23,20,Virgil,00:46:27,00:53:57,,Jim Duggan,1,0,0,face,,0,0,0,,,,0,,,,,,,,,,,,,
1992,24,16,Col. Mustafa,00:48:42,00:51:17,,Randy Savage,0,0,0,heel,,0,0,0,,,,0,,,,,,,,,,,,,
1992,25,25,Rick Martel,00:50:28,01:03:07,,Sid Justice,1,0,0,heel,,0,0,0,,,,0,,,,,,,,,,,,,
1992,26,28,Hulk Hogan,00:52:31,01:04:00,,Sid Justice,2,1,1,face,,0,0,0,,,,1,,,,,,,,,,,,,
1992,27,21,Skinner,00:54:33,00:56:46,,Rick Martel,0,0,0,heel,,0,0,0,,,,0,,,,,,,,,,,,,
1992,28,22,Sgt. Slaughter,00:56:45,01:01:24,,Sid Justice,0,0,0,face,,0,0,0,,,,1,,,,,,,,,,,,,
1992,29,29,Sid Justice,00:58:36,01:04:30,,"Hulk Hogan, Ric Flair",4,2,0,face,,0,0,1,,,,0,,,,,,,,,,,,,
1992,30,24,The Warlord,01:01:00,01:02:42,,"Hulk Hogan, Sid Justice",0,0,0,heel,,1,The Barbarian,0,,,,0,,,,,,,,,,,,,
1993,1,4,Ric Flair,01:27:49,01:46:30,,Mr. Perfect,1,0,0,heel,,0,0,0,,,,1,,,,,,,,,,,,,
1993,2,28,Bob Backlund,01:27:49,02:29:04,,Yokozuna,2,0,0,face,,0,0,0,,,,1,,,,,,,01:54:35,02:01:30,,,,,
1993,3,1,Papa Shango,01:29:58,01:30:26,,Ric Flair,0,0,0,heel,,0,0,0,,,,0,,,,,,,,,,,,,
1993,4,13,Ted DiBiase,01:32:01,01:56:57,,The Undertaker,3,1,0,heel,,1,Irwin R. Schyster,0,,,,0,,,,,,,,,,,,,
1993,5,2,Brian Knobbs,01:33:52,01:36:51,,Ted DiBiase,0,0,0,face,,1,Jerry Sags,0,,,,0,,,,,,,,,,,,,
1993,6,7,Virgil,01:35:55,01:53:05,,The Berzerker,0,0,0,face,,0,0,0,,,,0,,,,,,,,,,,,,
1993,7,6,Jerry Lawler,01:38:09,01:52:45,,Mr. Perfect,1,0,1,heel,,0,0,0,,,,0,,,,,,,,,,,,,
1993,8,3,Max Moon,01:39:55,01:41:53,,Jerry Lawler,0,0,0,face,,0,0,0,,,,0,,,,,,,,,,,,,
1993,9,10,Genichiro Tenryu,01:42:03,01:55:20,,The Undertaker,0,0,0,neutral,,0,0,0,,,,0,,,,,,,,,,,,,
1993,10,8,Mr. Perfect,01:44:04,01:53:19,,"Jerry Lawler, Koko B. Ware, Ted DiBiase",3,0,0,face,,0,0,1,,,,0,,,,,,,,,,,,,
1993,11,5,Skinner,01:46:06,01:49:10,,Mr. Perfect,0,0,0,heel,,0,0,0,,,,0,,,,,,,,,,,,,
1993,12,12,Koko B. Ware,01:48:06,01:56:38,,Ted DiBiase,0,1,0,face,,1,Owen Hart,0,,,,0,,,,,,,,,,,,,
1993,13,9,Samu,01:50:08,01:54:58,,The Undertaker,0,0,0,heel,,1,Fatu,0,,,,0,,,,,,,,,,,,,
1993,14,14,The Berzerker,01:52:12,01:57:32,,The Undertaker,1,0,0,heel,,0,0,0,,,,0,,,,,,,,,,,,,
1993,15,15,The Undertaker,01:54:27,01:58:41,,Giant Gonzalez,4,0,0,face,,0,0,1,,,,1,,,,,,,,,,,,,
1993,16,11,Terry Taylor,01:56:13,01:56:38,,Ted DiBiase,0,0,0,heel,,0,0,0,,,,0,,,,,,,,,,,,,
1993,17,17,Damien Demento,01:58:25,02:13:50,,Carlos Colon,0,0,0,heel,,0,0,0,,,,0,,,,,,,,,,,,,
1993,18,19,Irwin R. Schyster,02:00:40,02:17:25,,Earthquake,0,0,0,heel,,1,Ted DiBiase,0,,,,0,,,,,,,01:58:25,02:01:20 ,,,,,
1993,19,20,Tatanka,02:02:22,02:19:15,,Yokozuna,0,0,0,face,,0,0,0,,,,0,,,,,,,02:00:40,02:01:20,,,,,
1993,20,24,Jerry Sags,02:04:25,02:26:16,,Owen Hart,0,0,0,face,,1,Brian Knobbs,0,,,,0,,,,,,,,,,,,,
1993,21,16,Typhoon,02:06:29,02:11:42,,Earthquake,0,0,0,heel,,1,Earthquake,0,,,,0,,,,,,,,,,,,,
1993,22,18,Fatu,02:08:39,02:15:10,,Bob Backlund,0,0,0,heel,,1,Samu,0,,,,0,,,,,,,,,,,,,
1993,23,22,Earthquake,02:10:44,02:21:45,,Yokozuna,2,0,0,heel,,1,Typhoon,0,,,,0,,,,,,,,,,,,,
1993,24,21,Carlos Colon,02:12:52,02:20:17,,Yokozuna,1,0,0,face,,,0,0,,,,0,,,,,,,,,,,,,
1993,25,23,Tito Santana,02:14:55,02:25:58,,Yokozuna,0,0,0,face,,,0,0,,,,0,,,,,,,,,,,,,
1993,26,27,Rick Martel,02:16:59,02:28:21,,Bob Backlund,0,0,0,heel,,,0,0,,,,0,,,,,,,,,,,,,
1993,27,30,Yokozuna,02:19:35,02:34:28,,Winner,7,0,0,heel,,,0,0,,,,0,,,,,,,,,,,,,
1993,28,25,Owen Hart,02:21:07,02:26:45,,Yokozuna,1,0,0,face,,1,Koko B. Ware,0,,,,0,,,,,,,,,,,,,
1993,29,26,Repo Man,02:23:20,02:26:51,,Randy Savage,0,0,0,heel,,,0,0,,,,0,,,,,,,,,,,,,
1993,30,29,Randy Savage,02:25:26,02:34:28,,Yokozuna,1,0,0,face,,,0,0,,,,1,,,,,,,,,,,,,
1994,1,4,Scott Steiner,01:37:56,01:46:59,,Diesel,1,0,0,face,,1,Rick Steiner,0,,,,0,,,,,,,,,,,,,
1994,2,1,Samu,01:37:56,01:41:12,,Scott Steiner,0,0,0,heel,,1,Fatu,0,,,,0,,,,,,,,,,,,,
1994,3,2,Rick Steiner,01:39:49,01:43:46,,Owen Hart,0,0,0,face,,1,Scott Steiner,0,,,,0,,,,,,,,,,,,,
1994,4,6,Kwang,01:41:23,01:47:20,,Diesel,0,0,0,heel,,0,0,,,,,0,,,,,,,,,,,,,
1994,5,5,Owen Hart,01:42:56,01:47:06,,Diesel,1,0,0,heel,,0,0,,,,,0,,,,,,,,,,,,,
1994,6,3,Bart Gunn,01:44:23,01:46:53,,Diesel,0,0,0,face,,1,Billy Gunn,,,,,0,,,,,,,,,,,,,
1994,7,13,Diesel,01:46:13,02:03:56,,"Bam Bam Bigelow, Crush, Mabel, Thurman""Sparky"" Plugg, Shawn Michaels",7,0,0,heel,,1,Shawn Michaels,,,,,0,,,,,,,,,,,,,
1994,8,7,Bob Backlund,01:47:35,01:48:16,,Diesel,0,0,0,face,,0,0,,,,,1,,,,,,,,,,,,,
1994,9,8,Billy Gunn,01:49:09,01:49:23,,Diesel,0,0,0,face,,1,Bart Gunn,,,,,0,,,,,,,,,,,,,
1994,10,9,Virgil,01:50:39,01:51:11,,Diesel,0,0,0,face,,0,0,,,,,0,,,,,,,,,,,,,
1994,11,11,Randy Savage,01:52:28,01:57:06,,Crush,1,0,0,face,,0,0,,,,,1,,,,,,,,,,,,,
1994,12,10,Jeff Jarrett,01:53:51,01:55:10,,Randy Savage,0,0,0,heel,,0,0,,,,,0,,,,,,,,,,,,,
1994,13,17,Crush,01:55:30,02:20:35,,"Bam Bam Bigelow, Bret Hart, Lex Luger, Thurmann ""Sparky"" Plugg",1,2,0,heel,,0,0,,,,,0,,,,,,,,,,,,,
1994,14,12,Doink the Clown,01:57:17,01:59:08,,Bam Bam Bigelow,0,0,0,face,,0,0,,,,,0,,,,,,,,,,,,,
1994,15,24,Bam Bam Bigelow,01:58:48,02:29:02,,Lex Luger,2,3,0,heel,,0,0,,,,,0,,,,,,,,,,,,,
1994,16,14,Mabel,02:00:32,02:10:28,,"Bam Bam Bigelow, Crush, Great Kabuki, Greg Valentine, Shawn Michaels, Tatanka, Thurmann ""Sparky"" Plugg",0,1,0,face,,1,Mo,,,,,0,,,,,,,,,,,,,
1994,17,18,"Thurman ""Sparky"" Plugg",02:01:42,02:23:17,,"Bret Hart, Shawn Michaels",0,3,0,face,,0,0,,,,,0,,,,,,,,,,,,,
1994,18,28,Shawn Michaels,02:03:19,02:32:39,,Lex Luger,1,3,0,heel,,1,Diesel,,,,,0,,,,,,,,,,,,,
1994,19,22,Mo,02:05:04,02:27:52,,Fatu,0,0,0,face,,1,Mabel,,,,,0,,,,,,,,,,,,,
1994,20,19,Greg Valentine,02:06:30,02:27:12,,Rick Martel,0,0,0,face,,0,0,,,,,0,,,,,,,,,,,,,
1994,21,23,Tatanka,02:08:03,02:28:12,,Bam Bam Bigelow,1,1,0,face,,0,,,,,,0,,,,,,,,,,,,,
1994,22,15,The Great Kabuki,02:09:49,02:11:36,,Lex Luger,0,1,0,heel,,0,,,,,,0,,,,,,,,,,,,,
1994,23,29,Lex Luger,02:11:12,02:33:03,,Bret Hart,4,2,0,face,,0,,,,,,1,,,,,,,,,,,,,
1994,24,26,Genichiro Tenryu,02:13:04,02:30:27,,"Bret Hart, Lex Luger",0,0,0,heel,,0,,,,,,0,,,,,,,,,,,,,
1994,25,16,Bastion Booger,02:14:20,02:14:20,,DQ,0,0,0,heel,,0,,,,,,0,,,,,,,,,,,,,
1994,26,20,Rick Martel,02:16:07,02:27:29,,Tatanka,1,0,0,heel,,0,,,,,,0,,,,,,,,,,,,,
1994,27,29,Bret Hart,02:18:05,02:33:03,,Lex Luger,2,2,0,face,,0,,,,,,1,,,,,,,,,,,,,
1994,28,27,Fatu,02:19:34,02:32:38,,Bret Hart,1,0,0,heel,,1,Samu,,,,,0,,,,,,,,,,,,,
1994,29,25,Marty Jannetty,02:20:49,02:29:09,,Shawn Michaels,0,0,0,face,,0,,,,,,0,,,,,,,,,,,,,
1994,30,21,Adam Bomb,02:22:50,02:27:46,,Lex Luger,0,0,0,heel,,0,,,,,,0,,,,,,,,,,,,,
1995,1,30,Shawn Michaels,02:01:06,02:39:47,,Winner,7,1,0,heel,,0,,,,,,0,,,,,,,,,,,,,
1995,2,29,The British Bulldog,02:01:06,02:39:47,,Shawn Michaels,4,0,0,face,,0,,,,,,0,,,,,,,,,,,,,
1995,3,9,Eli Blu,02:02:19,02:12:16,,Sione,1,0,0,heel,,0,,,,,,0,,,,,,,,,,,,,
1995,4,3,Duke Droese,02:03:13,02:11:24,,Shawn Michaels,0,0,0,face,,0,,,,,,0,,,,,,,,,,,,,
1995,5,1,Jimmy Del Ray,02:04:11,02:05:36,,The British Bulldog,0,0,0,heel,,1,Tom Prichard,,,,,0,,,,,,,,,,,,,
1995,6,10,Sione,02:05:20,02:12:16,,Eli Blu,3,0,0,heel,,1,Fatu,,,,,0,,,,,,,,,,,,,
1995,7,6,Tom Prichard,02:06:14,02:11:44,,Shawn Michaels,0,0,0,heel,,1,Jimmy Del Ray,,,,,0,,,,,,,,,,,,,
1995,8,7,Doink the Clown,02:07:18,02:12:07,,Kwang,0,0,0,face,,0,,,,,,0,,,,,,,,,,,,,
1995,9,8,Kwang,02:08:11,02:12:11,,Sione,1,0,0,heel,,0,,,,,,0,,,,,,,,,,,,,
1995,10,5,Rick Martel,02:09:14,02:11:42,,Sione,0,0,0,heel,,0,,,,,,0,,,,,,,,,,,,,
1995,11,2,Owen Hart,02:10:26,02:11:15,,The British Bulldog,0,0,0,heel,,0,,1,,,,0,,,,,,,,,,,,,
1995,12,4,Timothy Well,02:11:16,02:11:38,,The British Bulldog,0,0,0,heel,,1,Jacob Dunn,,,,,0,,,,,,,,,,,,,
1995,13,11,Bushwhacker Luke,02:12:19,02:12:31,,Shawn Michaels,0,0,0,face,,1,Bushwhacker Butch,,,,,0,,,,,,,,,,,,,
1995,14,12,Jacob Blu,02:13:13,02:13:30,,Shawn Michaels,0,0,0,heel,,1,Eli Blu,,,,,0,,,,,,,,,,,,,
1995,15,14,King Kong Bundy,02:14:26,02:17:25,,Mabel,1,0,0,heel,,0,,,,,,0,,,,,,,,,,,,,
1995,16,13,Mo,02:15:12,02:15:16,,King Kong Bundy,0,0,0,face,,1,Mabel,,,,,0,,,,,,,,,,,,,
1995,17,16,Mabel,02:16:26,02:18:23,,Lex Luger,1,0,0,face,,1,Mo,,,,,0,,,,,,,,,,,,,
1995,18,15,Bushwhacker Butch,02:17:21,02:17:39,,Shawn Michaels,0,0,0,face,,1,Bushwhacker Luke,,,,,0,,,,,,,,,,,,,
1995,19,27,Lex Luger,02:18:15,02:37:07,,"Crush, Shawn Michaels",4,0,0,face,,0,,,,,,1,,,,,,,,,,,,,
1995,20,18,Mantaur,02:19:16,02:28:48,,Lex Luger,0,0,0,heel,,0,,,,,,0,,,,,,,,,,,,,
1995,21,23,Aldo Montoya,02:20:10,02:33:32,,Shawn Michaels,1,0,0,face,,0,,,,,,0,,,,,,,,,,,,,
1995,22,26,Henry O. Godwinn,02:21:12,02:35:52,,Lex Luger,1,0,0,heel,,0,,,,,,0,,,,,,,,,,,,,
1995,23,20,Billy Gunn,02:22:10,02:29:35,,"Crush, Dick Murdoch",0,0,0,face,,1,Bart Gunn,,,,,0,,,,,,,,,,,,,
1995,24,19,Bart Gunn,02:23:15,02:29:34,,"Crush, Dick Murdoch",0,0,0,face,,1,Billy Gunn,,,,,0,,,,,,,,,,,,,
1995,25,17,Bob Backlund,02:24:30,02:25:33,,Lex Luger,0,0,0,heel,,0,,1,,,,1,,,,,,,,,,,,,
1995,26,21,Steven Dunn,02:25:15,02:29:45,,Aldo Montoya,0,0,0,heel,,1,Timothy Well,,,,,0,,,,,,,,,,,,,
1995,27,25,Dick Murdoch,02:26:30,02:34:38,,Henry O. Godwinn,0,2,0,neutral,,0,,,,,,0,,,,,,,,,,,,,
1995,28,22,Adam Bomb,02:27:36,02:32:56,,Crush,0,0,0,face,,0,,,,,,0,,,,,,,,,,,,,
1995,29,24,Fatu,02:28:27,02:34:00,,Crush,0,0,0,face,,0,,,,,,0,,,,,,,,,,,,,
1995,30,28,Crush,02:29:31,02:38:22,,The British Bulldog,2,3,0,heel,,0,,,,,,0,,,,,,,,,,,,,
1996,1,19,Hunter Hearst Helmsley,00:58:46,01:46:44,,Diesel,0,1,0,heel,,0,,,,,,0,,,,,,,,,,,,,
1996,2,2,Henry O. Godwinn,00:58:46,01:15:06,,Jake Roberts,0,0,0,face,,0,,,,,,0,,,,,,,,,,,,,
1996,3,1,Bob Backlund,01:01:06,01:13:29,,Yokozuna,0,0,0,heel,,0,,,,,,1,,,,,,,,,,,,,
1996,4,16,Jerry Lawler,01:03:12,01:39:15,,Shawn Michaels,0,0,0,heel,,0,,,,,,0,,,,,,,01:09:35,01:39:00,,,,,
1996,5,18,Bob Holly,01:04:53,01:44:28,,The Ringmaster,0,0,0,face,,0,,,,,,0,,,,,,,,,,,,,
1996,6,3,King Mabel,01:07:23,01:19:38,,Yokozuna,0,0,0,heel,,0,,,,,,0,,,,,,,,,,,,,
1996,7,6,Jake Roberts,01:09:09,01:23:48,,Vader,0,1,0,face,,0,,,,,,0,,,,,,,,,,,,,
1996,8,5,Dory Funk Jr.,01:11:09,01:22:02,,Savio Vega,0,0,0,neutral,,0,,,,,,1,,,,,,,,,,,,,
1996,9,11,Yokozuna,01:13:14,01:32:28,,Shawn Michaels,3,0,0,heel,,1,Owen Hart,,,,,1,,,,,,,,,,,,,
1996,10,13,1-2-3 Kid,01:15:05,01:32:45,,Shawn Michaels,0,0,0,heel,,1,"Tatanka, Kama, Steve Austin",,,,,0,,,,,,,,,,,,,
1996,11,4,Takao Omori,01:17:05,01:19:53,,"Hunter Hearst Helmsley, Jake Roberts",0,0,0,neutral,,0,,,,,,0,,,,,,,,,,,,,
1996,12,10,Savio Vega,01:19:06,01:31:34,,Vader,1,0,0,face,,0,,,,,,0,,,,,,,,,,,,,
1996,13,12,Vader,01:21:27,01:32:28,,Shawn Michaels,4,0,0,heel,,0,,,,,,1,,,,,,,,,,,,,
1996,14,7,Doug Gilbert,01:23:11,01:26:09,,Vader,0,0,0,neutral,,0,,,,,,0,,,,,,,,,,,,,
1996,15,8,Squat Teamer 1,01:25:15,01:26:24,,Vader,0,0,0,heel,,1,Squat Teamer 1,,,,,0,,,,,,,,,,,,,
1996,16,9,Squat Teamer 2,01:27:45,01:28:07,,Yokozuna,0,0,0,heel,,1,Squat Teamer 2,,,,,0,,,,,,,,,,,,,
1996,17,21,Owen Hart,01:29:36,01:50:17,,Diesel and Shawn Michaels,2,0,0,heel,,1,Yokozuna,,,,,0,,,,,,,,,,,,,
1996,18,30,Shawn Michaels,01:31:24,01:57:30,,Winner,7,1,0,face,,1,Diesel,,,,,0,,,,,,,,,,,,,
1996,19,14,Hakushi,01:35:18,01:37:11,,Owen Hart,0,0,0,face,,0,,,,,,0,,,,,,,,,,,,,
1996,20,17,Tatanka,01:35:39,01:39:47,,Diesel,1,0,0,heel,,1,"1-2-3 Kid, Kama, Steve Austin",,,,,0,,,,,,,,,,,,,
1996,21,15,Aldo Montoya,01:37:20,01:39:12,,Tatanka,0,0,0,face,,0,,,,,,0,,,,,,,,,,,,,
1996,22,29,Diesel,01:39:41,01:57:30,,Shawn Michaels,3,2,0,neutral,,1,Shawn Michaels,,,,,1,,,,,,,,,,,,,
1996,23,28,Kama,01:41:30,01:57:26,,Diesel,0,1,0,heel,,1,"1-2-3 Kid,Tatanka, Steve Austin",,,,,0,,,,,,,,,,,,,
1996,24,23,Steve Austin,01:43:34,01:54:29,,Fatu,1,0,0,heel,,1,"1-2-3 Kid, Kama, Tatanka",,,,,0,,,,,,,,,,,,,
1996,25,20,Barry Horowitz,01:45:31,01:49:45,,Owen Hart,0,0,0,face,,0,,,,,,0,,,,,,,,,,,,,
1996,26,24,Fatu,01:47:41,01:54:48,,"Isaac Yankem, DDS",1,0,0,face,,0,,,,,,0,,,,,,,,,,,,,
1996,27,25,"Isaac Yankem, DDS",01:49:39,01:56:44,,Shawn Michaels,1,0,0,heel,,0,,,,,,0,,,,,,,,,,,,,
1996,28,22,Marty Jannetty,01:51:31,01:54:06,,The British Bulldog,0,0,0,face,,0,,,,,,0,,,,,,,,,,,,,
1996,29,27,The British Bulldog,01:53:34,01:57:13,,Shawn Michaels,1,0,0,heel,,0,,,,,,0,,,,,,,,,,,,,
1996,30,26,Duke Droese,01:55:40,01:56:50,,Diesel and Kama,0,0,0,face,,0,,,,,,0,,,,,,,,,,,,,
1997,1,3,Crush,01:25:18,01:31:30,,Phineas Godwinn,0,0,0,heel,,1,Farooq,,,,,0,,,,,,,,,,,,,
1997,2,2,Ahmed Johnson,01:25:18,01:28:14,,Ahmed Johnson,1,0,0,face,,0,,,1,,,0,,,,,,,,,,,,,
1997,3,1,"""Fake"" Razor Ramon",01:27:17,01:27:32,,Ahmed Johnson,0,0,0,heel,,0,,,,,,0,,,,,,,,,,,,,
1997,4,4,Phineas I. Godwinn,01:28:53,01:31:46,,Stone Cold Steve Austin,1,0,0,face,,1,Henry O. Godwinn,,,,,0,,,,,,,,,,,,,
1997,5,30,Stone Cold Steve Austin,01:30:43,02:15:45,,Winner,7,0,3,heel,,0,,,,,,0,,,,,,,,,,,,,
1997,6,5,Bart Gunn,01:32:04,01:32:29,,Stone Cold Steve Austin,0,0,0,face,,0,,,,,,0,,,,,,,,,,,,,
1997,7,6,Jake Roberts,01:33:40,01:34:50,,Stone Cold Steve Austin,0,0,0,face,,0,,,,,,0,,,,,,,,,,,,,
1997,8,8,The British Bulldog,01:35:04,01:43:08,,Owen Hart,1,0,0,neutral,,1,Owen Hart,,,,,0,,,,,,,,,,,,,
1997,9,10,Pierroth,01:36:29,01:47:00,,Mil Mascaras,0,1,0,neutral,,0,,,,,,0,,,,,,,,,,,,,
1997,10,7,The Sultan,01:38:14,01:41:37,,The British Bulldog,0,0,0,heel,,0,,,,,,0,,,,,,,,,,,,,
1997,11,11,Mil Mascaras,01:39:41,01:47:08,,Mil Mascaras,1,1,0,face,,0,,,1,,,0,,,,,,,,,,,,,
1997,12,12,Hunter Hearst Helmsley,01:40:58,01:47:40,,Goldust,0,0,0,heel,,0,,,,,,0,,,,,,,,,,,,,
1997,13,17,Owen Hart,01:42:36,01:51:04,,Stone Cold Steve Austin,2,0,0,heel,,1,The British Bulldog,,,,,0,,,,,,,,,,,,,
1997,14,13,Goldust,01:43:59,01:49:33,,Owen Hart,1,0,0,face,,0,,,,,,0,,,,,,,,,,,,,
1997,15,9,Cibern??tico,01:45:28,01:46:52,,"Mil Mascaras, Pierroth",0,0,0,neutral,,0,,,,,,0,,,,,,,,,,,,,
1997,16,16,Marc Mero,01:47:10,01:51:04,,Stone Cold Steve Austin,0,0,0,face,,0,,,,,,0,,,,,,,,,,,,,
1997,17,14,Latin Lover,01:48:31,01:50:18,,Faarooq,0,0,0,face,,0,,,,,,0,,,,,,,,,,,,,
1997,18,15,Faarooq,01:49:59,01:50:40,,Ahmed Johnson,1,0,0,heel,,1,Crush,1,,,,0,,,,,,,,,,,,,
1997,19,18,Savio Vega,01:51:27,01:52:13,,Stone Cold Steve Austin,0,0,0,face,,0,,,,,,0,,,,,,,,,,,,,
1997,20,19,Jesse James,01:53:02,01:53:30,,Stone Cold Steve Austin,0,0,0,face,,0,,1,,,,0,,,,,,,,,,,,,
1997,21,29,Bret Hart,01:54:45,02:15:45,,Stone Cold Steve Austin,2,0,0,face,,0,,,,,,1,,,,,,,,,,,,,
1997,22,20,Jerry Lawler,01:56:18,01:56:23,,Bret Hart,0,0,0,heel,,0,,,,,,0,,,,,,,,,,,,,
1997,23,28,"""Fake"" Diesel",01:57:51,02:15:41,,Bret Hart,0,0,0,heel,,0,,0,,,,0,,,,,,,,,,,,,
1997,24,24,Terry Funk,01:59:15,02:14:33,,Mankind,0,0,0,neutral,,0,,,,,,0,,,,,,,,,,,,,
1997,25,23,The Rock,02:00:44,02:13:45,,Mankind,0,0,0,face,,0,,,,,,0,,,,,,,,,,,,,
1997,26,25,Mankind,02:02:33,02:14:49,,The Undertaker,2,0,0,heel,,0,,,,,,0,,,,,,,,,,,,,
1997,27,21,Flash Funk,02:03:50,02:10:01,,Vader,0,0,0,face,,0,,,,,,0,,,,,,,,,,,,,
1997,28,26,Vader,02:05:32,02:15:35,,Stone Cold Steve Austin,1,0,0,heel,,0,,1,,,,1,,,,,,,,,,,,,
1997,29,22,Henry O. Godwinn,02:06:55,02:13:06,,The Undertaker,0,0,0,face,,1,Phineas I. Godwinn,,,,,0,,,,,,,,,,,,,
1997,30,27,The Undertaker,02:08:50,02:15:36,,Stone Cold Steve Austin,2,0,0,face,,0,,1,,,,1,,,,,,,,,,,,,
1998,1,2,Cactus Jack,01:12:32,01:21:53,,Chainsaw Charlie,0,1,0,face,,1,Chainsaw Charlie,,,,,0,,,,,,,,,,,,,
1998,2,6,Chainsaw Charlie,01:12:32,01:37:53,,Mankind,1,1,0,face,,1,Cactus Jack,,,,,0,,,,,,,,,,,,,
1998,3,1,Tom Brandi,01:14:27,01:14:38,,"Cactus Jack, Chainsaw Charlie",0,0,0,face,,0,,,,,,0,,,,,,,,,,,,,
1998,4,29,The Rock,01:16:25,02:07:56,,Stone Cold Steve Austin,2,1,0,heel,,1,"Mark Henry, Kama, Farooq, D'Lo Brown",,,,,0,,,,,,,,,,,,,
1998,5,3,Mosh,01:18:04,01:31:14,,Kurrgan,0,0,0,face,,1,Thrasher,,,,,0,,,,,,,,,,,,,
1998,6,13,Phineas I. Godwinn,01:19:58,01:48:44,,Mark Henry,0,1,0,heel,,1,Henry O. Godwinn,,,,,0,,,,,,,,,,,,,
1998,7,15,8-Ball,01:21:32,01:52:17,,Stone Cold Steve Austin,0,1,0,face,,1,"Chainz, Skull",,,,,0,,,,,,,,,,,,,
1998,8,16,Blackjack Bradshaw,01:23:25,01:59:12,,Dude Love,0,1,0,neutral,,0,,,,,,0,,,,,,,,,,,,,
1998,9,10,Owen Hart,01:25:15,01:43:44,,"Chyna, Triple H",1,0,0,face,,0,,1,,,,0,,,,,,,01:25:15,01:41:44,,,,,
1998,10,4,Steve Blackman,01:26:51,01:32:49,,Kurrgan,0,0,0,face,,0,,,,,,0,,,,,,,,,,,,,
1998,11,17,D'Lo Brown,01:28:45,02:01:07,,Faarooq,0,1,0,heel,,1,"The Rock, Mark Henry, Kama, Farooq",,,,,0,,,,,,,,,,,,,
1998,12,5,Kurrgan,01:30:42,01:34:19,,"8-Ball, Bradshaw, Ken Shamrock Phineas I. Godwinn, The Rock",2,0,0,heel,,0,,,,,,0,,,,,,,,,,,,,
1998,13,14,Marc Mero,01:32:27,01:52:05,,Stone Cold Steve Austin,0,0,0,heel,,0,,,,,,0,,,,,,,,,,,,,
1998,14,9,Ken Shamrock,01:34:01,01:43:16,,The Rock,0,1,0,face,,0,,,,,,0,,,,,,,,,,,,,
1998,15,19,Thrasher,01:35:53,02:04:01,,Stone Cold Steve Austin,0,0,0,face,,1,Mosh,,,,,0,,,,,,,,,,,,,
1998,16,7,Mankind,01:37:42,01:40:21,,Goldust,1,0,0,face,,0,,,,,,0,,,,,,,,,,,,,
1998,17,24,Goldust,01:39:21,02:05:23,,Chainz,2,0,0,heel,,0,,,,,,0,,,,,,,,,,,,,
1998,18,8,Jeff Jarrett,01:41:35,01:42:39,,Owen Hart,0,0,0,heel,,0,,,,,,0,,,,,,,,,,,,,
1998,19,18,The Honky Tonk Man,01:43:04,02:03:01,,Vader,0,0,0,heel,,0,,,,,,0,,,,,,,,,,,,,
1998,20,12,Ahmed Johnson,01:45:16,01:48:35,,"D'Lo Brown, Mark Henry",0,0,0,face,,0,,,,,,0,,,,,,,,,,,,,
1998,21,26,Mark Henry,01:46:49,02:05:56,,Faarooq,1,1,0,heel,,1,"The Rock, D'Lo Brown, Kama. Farooq",,,,,0,,,,,,,,,,,,,
1998,22,11,Skull,01:48:30,01:48:30,,DQ,0,0,0,face,,1,Chainz. 8-Ball,,,,,0,,,,,,,,,,,,,
1998,23,20,Kama Mustafa,01:50:12,02:04:09,,Stone Cold Steve Austin,0,0,0,heel,,1,"The Rock, D'Lo Brown, Mark Henry, Farooq",,,,,0,,,,,,,,,,,,,
1998,24,30,Stone Cold Steve Austin,01:52:01,02:07:56,,Winner,7,0,0,face,,0,,,,,,0,,,,,,,,,,,,,
1998,25,23,Henry O. Godwinn,01:53:39,02:05:11,,Dude Love,0,0,0,heel,,1,Phineas I. Godwinn,,,,,0,,,,,,,,,,,,,
1998,26,21,Savio Vega,01:55:25,02:04:53,,Stone Cold Steve Austin,0,0,0,heel,,0,,,,,,0,,,,,,,,,,,,,
1998,27,28,Faarooq,01:57:22,02:07:25,,The Rock,3,0,0,heel,,1,"The Rock, D'Lo Brown, Kama, Mark Henry",,,,,1,,,,,,,,,,,,,
1998,28,27,Dude Love,01:59:08,02:07:01,,Faarooq,2,0,0,face,,0,,,,,,0,,,,,,,,,,,,,
1998,29,25,Chainz,02:00:49,02:05:45,,Stone Cold Steve Austin,1,0,0,face,,1,Skull. 8-Ball,,,,,0,,,,,,,,,,,,,
1998,30,22,Vader,02:02:47,02:05:01,,Goldust,1,0,0,heel,,0,,,,,,1,,,,,,,,,,,,,
1999,1,29,Steve Austin,01:40:36,02:37:14,,Mr. McMahon,8,0,0,face,,0,,,,,,1,,,,,,,01:43:02,02:13:53,,,,,
1999,2,30,Mr. McMahon,01:40:36,02:37:14,,Winner,1,0,0,heel,,1,"Ken Shamrock, Big Boss Man, Kane, Test",,,,,0,,,,,,,01:42:49,02:35:01,,,,,
1999,3,1,Golga,01:42:40,01:42:54,,Stone Cold Steve Austin,0,0,0,face,,1,Kurrgan,,,,,0,,,,,,,,,,,,,
1999,4,7,Droz,01:44:10,01:56:47,,Mabel,0,0,0,face,,0,0,,,,,0,,,,,,,,,,,,,
1999,5,8,Edge,01:45:19,01:57:10,,Road Dogg,1,0,0,neutral,,1,"Christian, Gangrel",,,,,0,,,,,,,,,,,,,
1999,6,2,Gillberg,01:47:20,01:47:26,,Edge,0,0,0,face,,1,"The Blue Meanie, Al Snow",,,,,0,,,,,,,,,,,,,
1999,7,4,Steve Blackman,01:48:58,01:56:19,,Mabel,0,0,0,face,,0,,,,,,0,,,,,,,,,,,,,
1999,8,3,Dan Severn,01:50:36,01:56:18,,Mabel,0,0,0,heel,,0,,,,,,0,,,,,,,,,,,,,
1999,9,5,Tiger Ali Singh,01:52:09,01:56:24,,Mabel,0,0,0,heel,,0,,,,,,0,,,,,,,,,,,,,
1999,10,6,The Blue Meanie,01:53:46,01:56:46,,Mabel,0,0,0,face,,1,"Gillberg, Al Snow",,,,,0,,,,,,,,,,,,,
1999,11,9,Mabel,01:56:10,01:57:35,,"Bradshaw, Faarooq, Mideon",5,0,0,heel,,0,,1,,,,0,,,,,,,,,,,,,
1999,12,12,Road Dogg,01:56:48,02:07:29,,Kane,3,0,0,face,,1,"Billy Gunn, X-Pac, Triple H, Chyna",,,,,0,,,,,,,,,,,,,
1999,13,10,Gangrel,01:59:29,01:59:54,,Road Dogg,0,0,0,heel,,1,"Edge, Christian",,,,,0,,,,,,,,,,,,,
1999,14,13,Kurrgan,02:00:38,02:07:32,,Kane,0,0,0,face,,1,Golga,,,,,0,,,,,,,,,,,,,
1999,15,11,Al Snow,02:02:08,02:02:54,,Road Dogg,0,0,0,face,,1,"The Blue Meanie, Gillberg",,,,,0,,,,,,,,,,,,,
1999,16,15,Goldust,02:03:43,02:07:45,,Kane,0,0,0,neutral,,0,,,,,,0,,,,,,,,,,,,,
1999,17,14,The Godfather,02:05:58,02:07:37,,Kane,0,0,0,face,,0,,,,,,0,,,,,,,,,,,,,
1999,18,16,Kane,02:07:24,02:08:16,,Himself,4,0,0,neutral,,1,"Mr. McMahon, Big Boss Man, Ken Shamrock, Test",,1,,,1,,,,,,,,,,,,,
1999,19,17,Ken Shamrock,02:09:17,02:14:06,,Stone Cold Steve Austin,0,0,0,heel,,1,"Mr. McMahon, Big Boss Man, Kane, Test",,,,,0,,,,,,,,,,,,,
1999,20,18,Billy Gunn,02:10:30,02:17:39,,Stone Cold Steve Austin,0,0,0,face,,1,"Road Dogg, X-Pack",,,,,0,,,,,,,,,,,,,
1999,21,19,Test,02:12:12,02:24:01,,Stone Cold Steve Austin,0,0,0,heel,,1,"Mr. McMahon, Big Boss Man, Kane, Ken Shamrock",,,,,0,,,,,,,,,,,,,
1999,22,28,Big Boss Man,02:14:06,02:33:00,,Stone Cold Steve Austin,2,0,0,heel,,1,"Mr. McMahon, Test, Kane, Ken Shamrock",,,,,0,,,,,,,,,,,,,
1999,23,25,Triple H,02:15:05,02:29:35,,Stone Cold Steve Austin,2,0,0,face,,1,"Road Dogg, X-Pac, Billy Gunn, Chyna",,,,,0,,,,,,,,,,,,,
1999,24,24,Val Venis,02:16:44,02:29:25,,Triple H,0,0,0,face,,0,,,,,,0,,,,,,,,,,,,,
1999,25,20,X-Pac,02:18:26,02:24:09,,Big Boss Man,0,0,0,face,,1,"Triple H, Road Dogg, Billy Gunn, Chyna",,,,,0,,,,,,,,,,,,,
1999,26,22,Mark Henry,02:20:10,02:28:07,,Chyna,0,0,0,face,,0,,,,,,0,,,,,,,,,,,,,
1999,27,21,Jeff Jarrett,02:21:57,02:25:35,,Triple H,0,0,0,heel,,0,,,,,,0,,,,,,,,,,,,,
1999,28,27,D'Lo Brown,02:23:42,02:32:51,,Big Boss Man,0,0,0,heel,,0,,,,,,0,,,,,,,,,,,,,
1999,29,26,Owen Hart,02:25:49,02:32:21,,Stone Cold Steve Austin,0,0,0,heel,,0,,,,,,0,,,,,,,,,,,,,
1999,30,23,Chyna,02:27:42,02:28:16,,Stone Cold Steve Austin,1,0,0,face,,1,"Road Dogg, X-Pac, Billy Gunn, Triple H",,,,,0,,,,,,,,,,,,,
2000,1,3,D'Lo Brown,01:46:01,01:52:10,,Rikishi,0,0,0,heel,,0,,,,,,0,,,,,,,,,,,,,
2000,2,4,Grand Master Sexay,01:46:01,01:53:44,,Rikishi,0,0,0,face,,1,"Scotty 2 Hotty, Rikishi",,,,,0,,,,,,,,,,,,,
2000,3,1,Mosh,01:47:42,01:51:20,,Rikishi,0,0,0,heel,,1,Thrasher,,,,,0,,,,,,,,,,,,,
2000,4,2,Christian,01:49:25,01:51:33,,Rikishi,0,0,0,face,,1,Edge,,,,,0,,,,,,,,,,,,,
2000,5,8,Rikishi,01:51:06,02:07:30,,"Big Boss Man, Bob Backlund, Edge, Gangrel, Test, The British Bulldog",7,0,0,face,,1,"Scotty 2 Hotty, Grand Master Sexay",,,,,0,,,,,,,,,,,,,
2000,6,5,Scotty 2 Hotty,01:52:42,01:53:44,,Rikishi,0,0,0,face,,1,"Rikishi, Grand Master Sexay",,,,,0,,,,,,,,,,,,,
2000,7,6,Steve Blackman,01:54:45,01:55:29,,Rikishi,0,0,0,face,,1,Al Snow,,,,,0,,,,,,,,,,,,,
2000,8,7,Viscera,01:56:34,01:57:58,,Rikishi,0,0,0,heel,,0,,,,,,0,,,,,,,,,,,,,
2000,9,15,Big Boss Man,02:00:25,02:23:14,,The Rock,2,1,0,heel,,0,,,,,,0,,,,,,,,,,,,,
2000,10,17,Test,02:00:32,02:26:48,,Big Show,0,1,0,face,,0,,,,,,0,,,,,,,,,,,,,
2000,11,13,The British Bulldog,02:01:32,02:16:53,,Road Dogg,0,1,0,neutral,,0,,,,,,0,,,,,,,,,,,,,
2000,12,18,Gangrel,02:03:33,02:26:53,,Big Show,0,1,0,heel,,0,,,,,,0,,,,,,,,,,,,,
2000,13,14,Edge,02:05:10,02:19:57,,Al Snow & Val Venis,0,1,0,face,,1,Christian ,,,,,0,,,,,,,,,,,,,
2000,14,9,Bob Backlund,02:07:06,02:09:06,,Chris Jericho,0,1,0,neutral,,0,,,,,,1,,,,,,,,,,,,,
2000,15,10,Chris Jericho,02:08:52,02:12:39,,Chyna,1,0,0,face,,0,,,,,,0,,,,,,,,,,,,,
2000,16,16,Crash Holly,02:10:30,02:25:25,,The Rock,0,0,0,face,,1,Hardcore Holly,,,,,0,,,,,,,,,,,,,
2000,17,11,Chyna,02:12:05,02:12:42,,Big Boss Man,1,0,0,face,,0,,,,,,0,,,,,,,,,,,,,
2000,18,12,Faarooq,02:13:40,02:13:56,,Big Boss Man,0,0,0,heel,,1,Bradshaw,1,0,,,1,,,,,,,,,,,,,
2000,19,25,Road Dogg,02:15:05,02:34:08,,Billy Gunn,1,1,0,heel,,1,"Billy Gunn, X-Pac",,,,,0,,,,,,,,,,,,,
2000,20,24,Al Snow,02:16:38,02:33:56,,The Rock,1,1,0,face,,1,Steve Blackman,,,,,0,,,,,,,,,,,,,
2000,21,20,Val Venis,02:18:16,02:30:04,,Kane,0,1,0,face,,0,,,,,,0,,,,,,,,,,,,,
2000,22,21,Prince Albert,02:19:53,02:31:16,,Kane,0,0,0,heel,,0,,,,,,0,,,,,,,,,,,,,
2000,23,22,Hardcore Holly,02:21:32,02:33:20,,Al Snow,0,0,0,neutral,,1,Crash Holly,,,,,0,,,,,,,,,,,,,
2000,24,30,The Rock,02:23:06,02:37:50,,Winner,4,0,0,face,,0,,,,,,1,,,,,,,,,,,,,
2000,25,26,Billy Gunn,02:24:42,02:34:20,,Kane,1,1,0,heel,,1,"X-Pac, Road Dogg",,,,,0,,,,,,,,,,,,,
2000,26,29,Big Show,02:26:45,02:37:50,,The Rock,4,0,0,heel,,0,,,,,,1,,,,,,,,,,,,,
2000,27,19,Bradshaw,02:27:57,02:28:21,,"Billy Gunn, Road Dogg",0,0,0,heel,,1,Farooq,1,0,,,0,,,,,,,,,,,,,
2000,28,27,Kane,02:29:54,02:36:05,,X-Pac,3,0,0,face,,0,,1,0,,,1,,,,,,,,,,,,,
2000,29,23,The Godfather,02:32:12,02:33:45,,Big Show,0,0,0,face,,0,,,,,,0,,,,,,,,,,,,,
2000,30,28,X-Pac,02:32:56,02:36:28,,Big Show,0,0,1,heel,,1,"Road Dogg, Billy Gunn",,,,,0,,,,,,,,,,,,,
2001,1,4,Jeff Hardy,01:46:13,01:52:50,,Matt Hardy,1,2,0,face,,1,Matt Hardy,,,,,0,,,,,,,,,,,,,
2001,2,1,Bull Buchanan,01:46:13,01:48:23,,"Jeff Hardy, Matt Hardy",0,0,0,heel,,1,"Val Venis, The Godfather",,,,,0,,,,,,,,,,,,,
2001,3,3,Matt Hardy,01:48:06,01:52:50,,Jeff Hardy,1,2,0,face,,1,Jeff Hardy,,,,,0,,,,,,,,,,,,,
2001,4,2,Faarooq,01:49:51,01:50:49,,"Jeff Hardy, Matt Hardy",0,0,0,face,,1,Bradshaw,,,,,1,,,,,,,,,,,,,
2001,5,5,Drew Carey,01:52:29,01:55:20,,Drew Carey,0,0,0,neutral,,0,,,,,,0,,,,,,,,,,,,,
2001,6,29,Kane,01:54:25,02:48:08,,Stone Cold Steve Austin,10,1,0,face,,0,,,,,,1,,,,,,,,,,,,,
2001,7,9,Raven,01:55:08,02:04:01,,Kane,0,0,0,neutral,,0,,,,,,0,,,,,,,,,,,,,
2001,8,8,Al Snow,01:56:49,02:03:57,,Kane,0,0,0,face,,0,,,,,,0,,,,,,,,,,,,,
2001,9,10,Perry Saturn,01:59:09,02:04:13,,Kane,0,0,0,heel,,0,,,,,,0,,,,,,,,,,,,,
2001,10,7,Steve Blackman,02:00:38,02:03:49,,Kane,0,0,0,neutral,,0,,,,,,0,,,,,,,,,,,,,
2001,11,6,Grand Master Sexay,02:02:27,02:03:32,,Kane,0,0,0,face,,1,Scotty 2 Hotty ,,,,,0,,,,,,,,,,,,,
2001,12,11,The Honky Tonk Man,02:04:53,02:06:09,,Kane,0,0,0,heel,,0,,,,,,0,,,,,,,,,,,,,
2001,13,28,The Rock,02:06:38,02:45:23,,Kane,3,0,0,face,,0,,,,,,1,,,,,,,02:27:12,02:33:04,,,,,
2001,14,12,The Godfather,02:08:25,02:08:39,,The Rock,0,0,0,heel,,1,"Bull Buchanan, Val Venis",,,,,0,,,,,,,,,,,,,
2001,15,13,Tazz,02:10:07,02:10:16,,Kane,0,0,0,face,,0,,,,,,0,,,,,,,,,,,,,
2001,16,18,Bradshaw,02:12:06,02:29:44,,The Undertaker,0,0,0,face,,1,Farooq,,,,,0,,,,,,,,,,,,,
2001,17,20,Albert,02:13:56,02:29:49,,Kane,0,0,0,heel,,0,,,,,,0,,,,,,,,,,,,,
2001,18,21,Hardcore Holly,02:15:45,02:29:50,,The Undertaker,0,0,0,face,,1,Crash Holly,,,,,0,,,,,,,,,,,,,
2001,19,16,R-Truth,02:17:42,02:25:35,,Big Show,0,0,0,face,,0,,,,,,0,,,,,,,,,,,,,
2001,20,22,Val Venis,02:19:33,02:29:55,,The Undertaker,0,0,0,heel,,1,"Bull Buchanan, The Godfather",,,,,0,,,,,,,,,,,,,
2001,21,14,William Regal,02:21:19,02:23:29,,Test,0,0,0,heel,,0,,,,,,0,,,,,,,,,,,,,
2001,22,15,Test,02:23:21,02:25:29,,Big Show,1,0,0,face,,0,,,,,,0,,,,,,,,,,,,,
2001,23,17,Big Show,02:25:20,02:26:42,,The Rock,2,0,0,heel,,0,,,,,,1,,,,,,,,,,,,,
2001,24,19,Crash Holly,02:27:16,02:29:46,,Kane,0,0,0,face,,1,Hardcore Holly,,,,,0,,,,,,,,,,,,,
2001,25,25,The Undertaker,02:29:21,02:40:08,,Rikishi,3,1,0,face,,0,,,,,,1,,,,,,,,,,,,,
2001,26,23,Scotty 2 Hotty,02:31:16,02:32:01,,"Kane, The Undertaker",0,0,0,face,,1,Grandmaster Sexay,,,,,0,,,,,,,,,,,,,
2001,27,30,Stone Cold Steve Austin,02:32:51,02:48:08,,Winner,3,0,0,face,,0,,,,,,1,,,,,,,02:32:51,02:38:32,,,,,
2001,28,27,Billy Gunn,02:34:15,02:41:38,,Stone Cold Steve Austin,0,0,0,face,,0,,,,,,0,,,,,,,,,,,,,
2001,29,24,Haku,02:36:08,02:39:00,,Stone Cold Steve Austin,0,0,0,heel,,0,,,,,,0,,,,,,,,,,,,,
2001,30,26,Rikishi,02:38:31,02:41:05,,The Rock,1,0,0,heel,,0,,,,,,0,,,,,,,,,,,,,
2002,1,6,Rikishi,01:32:53,01:46:32,,The Undertaker,1,0,0,face,,0,,,,,,,,,,,,,,,,,,,
2002,2,4,Goldust,01:32:53,01:45:55,,The Undertaker,0,0,0,neutral,,0,,,,,,,,,,,,,,,,,,,
2002,3,1,Big Boss Man,01:35:12,01:38:17,,Rikishi,0,0,0,heel,,0,,,,,,,,,,,,,,,,,,,
2002,4,3,Bradshaw,01:37:06,01:44:23,,Billy,0,0,0,face,,1,Farooq,,,,,,,,,,,,,,,,,,
2002,5,2,Lance Storm,01:39:09,01:43:56,,Al Snow,0,0,0,heel,,0,,,,,,,,,,,,,,,,,,,
2002,6,5,Al Snow,01:41:07,01:46:18,,The Undertaker,1,0,0,face,,0,,,,,,,,,,,,,,,,,,,
2002,7,7,Billy Gunn,01:43:02,01:46:39,,The Undertaker,1,0,0,heel,,1,Chuck Palumbo,,,,,,,,,,,,,,,,,,
2002,8,10,The Undertaker,01:45:31,01:53:10,,Maven,6,0,1,heel,,0,,,,,,,,,,,,,,,,,,,
2002,9,9,Matt Hardy,01:47:30,01:51:46,,The Undertaker,0,0,0,face,,1,Jeff Hardy,,,,,,,,,,,,,,,,,,
2002,10,8,Jeff Hardy,01:49:46,01:51:15,,The Undertaker,0,0,0,face,,1,Matt Hardy,,,,,,,,,,,,,,,,,,
2002,11,11,Maven,01:52:18,01:55:52,,The Undertaker,1,0,0,face,,0,,1,,,,,,,,,,,,,,,,,
2002,12,12,Scotty 2 Hotty,01:55:45,02:01:22,,Diamond Dallas Page,0,0,0,face,,1,Albert,,,,,,,,,,,,01:55:45,01:58:48,,,,,
2002,13,16,Christian,01:57:58,02:10:38,,Stone Cold Steve Austin,1,2,0,heel,,0,,,,,,,,,,,,,,,,,,,
2002,14,13,Diamond Dallas Page,01:59:49,02:05:06,,Christian,1,0,0,face,,0,,,,,,,,,,,,,,,,,,,
2002,15,17,Chuck Palumbo,02:01:49,02:10:53,,Stone Cold Steve Austin,0,2,0,heel,,1,Billy Gunn,,,,,,,,,,,,,,,,,,
2002,16,15,The Godfather,02:05:48,02:07:36,,"Christian, Chuck",0,0,0,face,,0,,,,,,,,,,,,,,,,,,,
2002,17,14,Albert,02:06:07,02:06:55,,"Christian, Chuck",0,0,0,face,,1,Scotty 2 Hotty ,,,,,,,,,,,,,,,,,,
2002,18,18,Perry Saturn,02:08:04,02:10:59,,Stone Cold Steve Austin,0,0,0,face,,0,,,,,,,,,,,,,,,,,,,
2002,19,27,Stone Cold Steve Austin,02:10:20,02:37:07,,Kurt Angle,6,1,0,face,,0,,,,,,,,,,,,,,,,,,,
2002,20,19,Val Venis,02:13:05,02:16:02,,Stone Cold Steve Austin,0,0,0,face,,0,,,,,,,,,,,,,,,,,,,
2002,21,20,Test,02:14:32,02:16:14,,Stone Cold Steve Austin,0,0,0,heel,,0,,,,,,,,,,,,,,,,,,,
2002,22,30,Triple H,02:19:08,02:42:14,,Winner,3,1,0,face,,0,,,,,,,,,,,,,,,,,,,
2002,23,21,The Hurricane,02:20:22,02:21:01,,"Stone Cold Steve Austin, Triple H",0,0,0,face,,0,,,,,,,,,,,,,,,,,,,
2002,24,22,Faarooq,02:21:57,02:22:32,,Triple H,0,0,0,face,,1,Bradshaw,,,,,,,,,,,,,,,,,,
2002,25,28,Mr. Perfect,02:24:41,02:40:01,,Triple H,0,0,0,neutral,,0,,,,,,,,,,,,,,,,,,,
2002,26,29,Kurt Angle,02:26:09,02:42:14,,Triple H,2,0,0,face,,0,,,,,,,,,,,,,,,,,,,
2002,27,23,Big Show,02:28:30,02:31:14,,Kane,0,0,0,face,,0,,,,,,,,,,,,,,,,,,,
2002,28,24,Kane,02:30:29,02:31:30,,Kurt Angle,1,0,0,face,,0,,,,,,,,,,,,,,,,,,,
2002,29,25,Rob Van Dam,02:32:22,02:34:35,,Booker T,0,0,0,face,,0,,,,,,,,,,,,,,,,,,,
2002,30,26,Booker T,02:34:26,02:34:59,,Stone Cold Steve Austin[2],1,0,0,heel,,0,,,,,,,,,,,,,,,,,,,
2003,1,1,Shawn Michaels,01:42:19,01:44:48,,Chris Jericho,0,0,0,face,,0,,1,,,,,,,,,,,,,,,,,
2003,2,14,Chris Jericho,01:42:19,02:21:18,,Test,4,1,1,heel,,1,Christian ,,,,,,,,,,,,,,,,,,
2003,3,2,Christopher Nowinski,01:44:02,01:51:25,,Rey Mysterio,0,0,0,heel,,0,,,,,,,,,,,,,01:44:02,01:46:46,,,,,
2003,4,3,Rey Mysterio,01:45:41,01:51:37,,Chris Jericho,1,0,0,face,,1,Edge,,,,,,,,,,,,,,,,,,
2003,5,10,Edge,01:47:07,01:58:10,,Chris Jericho,3,0,0,face,,1,Rey Misterio,,,,,,,,,,,,,,,,,,
2003,6,9,Christian,01:49:08,01:58:10,,Chris Jericho,0,1,0,heel,,1,Chris Jericho,,,,,,,,,,,,,,,,,,
2003,7,8,Chavo Guerrero,01:50:41,01:57:51,,Edge,0,0,0,heel,,1,Eddie Guerrero,,,,,,,,,,,,,,,,,,
2003,8,6,Tajiri,01:52:15,01:56:56,,Chris Jericho,0,0,0,face,,0,,,,,,,,,,,,,,,,,,,
2003,9,4,Bill DeMott,01:53:43,01:55:56,,Edge,0,0,0,heel,,0,,,,,,,,,,,,,,,,,,,
2003,10,5,Tommy Dreamer,01:55:29,01:56:16,,Chris Jericho & Christian,0,0,0,face,,0,,,,,,,,,,,,,,,,,,,
2003,11,7,Bull Buchanan,01:57:09,01:57:34,,Edge,0,0,0,heel,,0,,,,,,,,,,,,,,,,,,,
2003,12,26,Rob Van Dam,01:58:57,02:31:56,,Kane,1,1,0,face,,1,Kane,,,,,,,,,,,,,,,,,,
2003,13,21,Matt Hardy,02:00:36,02:27:52,,Brock Lesnar,0,0,0,heel,,0,,,,,,,,,,,,,,,,,,,
2003,14,13,Eddie Guerrero,02:02:31,02:19:01,,Booker T,0,0,0,heel,,1,Chavo Guerrero,,,,,,,,,,,,,,,,,,
2003,15,11,Jeff Hardy,02:04:02,02:11:28,,Rob Van Dam,0,0,0,face,,0,,,,,,,,,,,,,,,,,,,
2003,16,12,Rosey,02:05:45,02:16:00,,Kane,0,0,0,heel,,1,Jamal,,,,,,,,,,,,,,,,,,
2003,17,17,Test,02:07:20,02:26:06,,Batista,1,0,0,face,,0,,,,,,,,,,,,,,,,,,,
2003,18,22,John Cena,02:10:01,02:29:41,,The Undertaker,0,0,0,heel,,0,,,,,,,,,,,,,,,,,,,
2003,19,20,Charlie Haas,02:10:26,02:27:39,,Brock Lesnar,0,2,0,heel,,1,Shelton Benjamin,,,,,,,,,,,,,,,,,,
2003,20,18,Rikishi,02:12:17,02:26:28,,Batista,0,0,0,face,,0,,,,,,,,,,,,,,,,,,,
2003,21,23,Jamal,02:13:42,02:29:51,,The Undertaker,0,0,0,heel,,1,Rosey,,,,,,,,,,,,,,,,,,
2003,22,28,Kane,02:15:24,02:35:50,,The Undertaker,2,1,0,face,,1,Rob Van Dam,,,,,,,,,,,,,,,,,,
2003,23,19,Shelton Benjamin,02:16:43,02:27:39,,Brock Lesnar,0,2,0,heel,,1,Charlie Haas,,,,,,,,,,,,,,,,,,
2003,24,16,Booker T,02:18:30,02:24:51,,Charlie Haas & Shelton Benjamin,1,0,0,face,,0,,,,,,,,,,,,,,,,,,,
2003,25,25,A-Train,02:20:02,02:31:38,,Kane & Rob Van Dam,0,0,0,heel,,0,,,,,,,,,,,,,,,,,,,
2003,26,24,Maven,02:22:00,02:30:21,,The Undertaker,0,0,0,face,,0,,,,,,,,,,,,,,,,,,,
2003,27,15,Goldust,02:23:35,02:24:21,,Charlie Haas & Shelton Benjamin,0,0,0,face,,0,,,,,,,,,,,,,,,,,,,
2003,28,27,Batista,02:25:26,02:35:20,,The Undertaker,2,0,0,heel,,0,,,,,,,,,,,,,,,,,,,
2003,29,30,Brock Lesnar,02:27:06,02:36:06,,Winner,4,0,0,face,,0,,,,,,,,,,,,,,,,,,,
2003,30,29,The Undertaker,02:29:20,02:36:06,,Brock Lesnar,5,0,0,face,,0,,,,,,,,,,,,,,,,,,,
2004,1,30,Chris Benoit,01:38:07,02:39:38,,Winner,6,1,0,face,,,,,,,,,,,,,,,,,,,,,
2004,2,19,Randy Orton,01:38:07,02:11:55,,Mick Foley,5,0,0,heel,,,,,,,,,,,,,,,,,,,,,
2004,3,3,Mark Henry,01:39:58,01:45:10,,Chris Benoit,0,0,0,heel,,,,,,,,,,,,,,,,,,,,,
2004,4,2,Tajiri,01:41:20,01:45:01,,"Rhyno, Chris Benoit",0,0,0,heel,,,,,,,,,,,,,,,,,,,,,
2004,5,1,Bradshaw,01:42:56,01:43:42,,Chris Benoit,0,0,0,face,,,,,,,,,,,,,,,,,,,,,
2004,6,8,Rhyno,01:44:31,01:58:33,,Chris Benoit,0,1,0,heel,,,,,,,,,,,,,,,,,,,,,
2004,7,9,Matt Hardy,01:46:14,02:00:33,,Ren? Dupr?e,0,0,0,heel,,,,,,,,,,,,,,,,,,,,,
2004,8,5,Scott Steiner,01:47:58,01:54:52,,Booker T,0,0,0,heel,,,,,,,,,,,,,,,,,,,,,
2004,9,11,Matt Morgan,01:49:39,02:01:53,,Chris Benoit,1,0,0,heel,,,,,,,,,,,,,,,,,,,,,
2004,10,4,The Hurricane,01:51:20,01:51:39,,Matt Morgan,0,0,0,face,,,,,,,,,,,,,,,,,,,,,
2004,11,13,Booker T,01:53:14,02:02:26,,Randy Orton,2,0,0,face,,,,1,,,,,,,,,,,,,,,,,
2004,12,6,Kane,01:55:05,01:56:34,,Booker T,0,0,1,heel,,,,,,,,,,,,,,,,,,,,,
2004,13,7,Spike Dudley,01:57:03,01:57:03,,Kane,0,0,0,face,,,,1,,,,,,,,,,,,,,,,,
2004,14,12,Rikishi,01:58:31,02:02:20,,Randy Orton,1,0,0,face,,,,,,,,,,,,,,,,,,,,,
2004,15,10,Ren? Dupr?e,02:00:10,02:00:42,,Rikishi,1,0,0,heel,,,,,,,,,,,,,,,,,,,,,
2004,16,14,A-Train,02:01:29,02:03:13,,Chris Benoit,0,0,0,heel,,,,,,,,,,,,,,,,,,,,,
2004,17,15,Shelton Benjamin,02:03:10,02:03:47,,Randy Orton,0,0,0,heel,,1,Charlie Haas,,,,,,,,,,,,,,,,,,
2004,18,16,Ernest Miller,02:04:56,02:05:52,,Randy Orton,0,0,0,neutral,,,,,,,,,,,,,,,,,,,,,
2004,19,28,Kurt Angle,02:06:40,02:35:40,,Big Show,1,0,0,face,,,,,,,,,,,,,,,,,,,,,
2004,20,17,Rico,02:08:13,02:09:18,,Randy Orton,0,0,0,face,,,,,,,,,,,,,,,,,,,,,
2004,21,18,Mick Foley,02:11:13,02:11:55,,Himself,1,0,0,face,,,,,1,,,,,,,,,,,,,,,,
2004,22,20,Christian,02:13:07,02:20:45,,Chris Jericho,0,0,0,heel,,1,Chris Jericho,,,,,,,,,,,,,,,,,,
2004,23,23,Nunzio,02:15:05,02:27:19,,Goldberg,0,0,0,heel,,,,,,,,,,,,,,,02:15:05,02:23:32,,,,,
2004,24,29,Big Show,02:17:05,02:39:37,,Chris Benoit,4,0,0,heel,,,,,,,,,,,,,,,,,,,,,
2004,25,27,Chris Jericho,02:18:19,02:33:11,,Big Show,1,0,0,heel,,1,Christian ,,,,,,,,,,,,,,,,,,
2004,26,21,Charlie Haas,02:19:50,02:26:44,,Goldberg,0,0,0,heel,,1,Shelton Benjamin,,,,,,,,,,,,,,,,,,
2004,27,22,Billy Gunn,02:21:25,02:27:07,,Goldberg,0,0,0,face,,,,,,,,,,,,,,,,,,,,,
2004,28,25,John Cena,02:23:33,02:31:03,,Big Show,0,0,0,face,,,,,,,,,,,,,,,,,,,,,
2004,29,26,Rob Van Dam,02:24:43,02:31:20,,Big Show,0,0,0,face,,,,,,,,,,,,,,,,,,,,,
2004,30,24,Goldberg,02:26:17,02:28:04,,Kurt Angle,3,0,0,face,,,,1,,,,,,,,,,,,,,,,,
2005,1,11,Eddie Guerrero,01:57:13,02:25:28,,Edge,1,2,0,face,,,,,,,,,,,,,,,,,,,,,
2005,2,25,Chris Benoit,01:57:13,02:44:44,,Ric Flair,0,2,0,face,,,,,,,,,,,,,,,,,,,,,
2005,3,1,Daniel Puder,01:59:40,02:03:14,,Hardcore Holly,0,0,0,heel,,,,,,,,,,,,,,,,,,,,,
2005,4,2,Hardcore Holly,02:01:26,02:03:24,,"Chris Benoit, Eddie Guerrero",1,0,0,face,,,,,,,,,,,,,,,,,,,,,
2005,5,3,The Hurricane,02:03:29,02:04:33,,Eddie Guerrero,0,0,0,face,,,,,,,,,,,,,,,,,,,,,
2005,6,4,Kenzo Suzuki,02:05:08,02:08:40,,Rey Mysterio,0,0,0,heel,,,,,,,,,,,,,,,,,,,,,
2005,7,28,Edge,02:06:28,02:46:51,,"Batista, John Cena",4,1,0,heel,,,,,,,,,,,,,,,,,,,,,
2005,8,27,Rey Mysterio,02:08:03,02:46:31,,Edge,1,1,0,face,,,,,,,,,,,,,,,,,,,,,
2005,9,10,Shelton Benjamin,02:09:30,02:24:07,,Edge,0,1,0,face,,,,,,,,,,,,,,,,,,,,,
2005,10,9,Booker T,02:11:08,02:21:53,,"Eddie Guerrero, Rey Mysterio",2,1,0,face,,,,,,,,,,,,,,,,,,,,,
2005,11,21,Chris Jericho,02:12:42,02:41:08,,Batista,1,1,0,face,,,,,,,,,,,,,,,,,,,,,
2005,12,7,Luther Reigns,02:14:21,02:21:35,,Booker T,0,1,0,heel,,,,,,,,,,,,,,,,,,,,,
2005,13,5,Muhammad Hassan,02:16:34,02:17:26,,"Booker T, Chris Benoit, Chris Jericho, Edge, Luther Reigns, Shelton Benjamin",0,0,0,heel,,,,,,,,,,,,,,,,,,,,,
2005,14,8,Orlando Jordan,02:18:02,02:21:38,,Booker T,0,0,0,heel,,,,,,,,,,,,,,,,,,,,,
2005,15,6,Scotty 2 Hotty,02:19:56,02:19:56,,DQ,0,0,0,face,,,,1,,,,,,,,,,,,,,,,,
2005,16,13,Charlie Haas,02:21:10,02:27:30,,Shawn Michaels,0,0,0,face,,,,,,,,,,,,,,,,,,,,,
2005,17,16,Ren? Dupr?e,02:23:17,02:34:49,,Chris Jericho,0,0,0,heel,,,,,,,,,,,,,,,,,,,,,
2005,18,12,Simon Dean,02:26:03,02:26:23,,Shawn Michaels,0,0,0,heel,,,,,,,,,,,,,,,02:25:01,02:26:03,,,,,
2005,19,15,Shawn Michaels,02:26:15,02:31:10,,Kurt Angle,3,0,0,face,,,,1,,,,,,,,,,,,,,,,,
2005,20,14,Kurt Angle,02:27:51,02:28:28,,Shawn Michaels,0,0,1,heel,,,,,,,,,,,,,,,,,,,,,
2005,21,23,Jonathan Coachman,02:29:54,02:43:03,,Ric Flair,0,0,0,heel,,,,,,,,,,,,,,,,,,,,,
2005,22,19,Mark Jindrak,02:31:04,02:39:19,,Kane,0,0,0,heel,,,,,,,,,,,,,,,,,,,,,
2005,23,17,Viscera,02:33:15,02:36:14,,John Cena,0,0,0,heel,,,,,,,,,,,,,,,,,,,,,
2005,24,18,Paul London,02:34:21,02:37:36,,Gene Snitsky,0,0,0,face,,,,,,,,,,,,,,,,,,,,,
2005,25,29,John Cena,02:35:41,02:51:09,,Batista,2,1,0,face,,,,,,,,,,,,,,,,,,,,,
2005,26,20,Gene Snitsky,02:36:45,02:40:23,,Batista,1,0,0,heel,,,,,,,,,,,,,,,,,,,,,
2005,27,22,Kane,02:38:33,02:42:28,,John Cena,1,0,0,neutral,,,,,,,,,,,,,,,,,,,,,
2005,28,30,Batista,02:40:15,02:51:09,,Winner,4,1,0,heel,,,,,,,,,,,,,,,,,,,,,
2005,29,24,Christian,02:41:58,02:44:07,,Batista,0,0,0,heel,,1,Ric Flair,,,,,,,,,,,,,,,,,,
2005,30,26,Ric Flair,02:43:19,02:45:17,,Edge,2,0,0,heel,,,,,,,,,,,,,,,,,,,,,
2006,1,28,Triple H,00:56:07,01:56:21,,Rey Mysterio,4,2,0,heel,,1,Batista,,,,,,,,,,,,,,,,,,
2006,2,30,Rey Mysterio,00:56:07,01:58:22,,Winner,3,3,0,face,,,,,,,,,,,,,,,,,,,,,
2006,3,1,Simon Dean,00:58:01,00:58:46,,"Rey Mysterio, Triple H",0,0,0,heel,,,,,,,,,,,,,,,,,,,,,
2006,4,2,Psicosis,00:59:45,01:01:00,,Rey Mysterio,0,0,0,heel,,1,Super Crazy,,,,,,,,,,,,,,,,,,
2006,5,3,Ric Flair,01:01:33,01:02:52,,Triple H,0,0,0,face,,,,,,,,,,,,,,,,,,,,,
2006,6,7,Big Show,01:03:38,01:12:40,,Triple H,1,1,0,face,,1,Kane,,,,,,,,,,,,,,,,,,
2006,7,4,Jonathan Coachman,01:05:22,01:05:52,,Big Show,0,0,0,heel,,,,,,,,,,,,,,,,,,,,,
2006,8,6,Bobby Lashley,01:07:17,01:11:34,,"Big Show, Kane",1,0,0,face,,,,,,,,,,,,,,,,,,,,,
2006,9,8,Kane,01:09:08,01:12:40,,Triple H,0,1,0,face,,1,Big Show,,,,,,,,,,,,,,,,,,
2006,10,5,Sylvan,01:10:54,01:11:11,,Bobby Lashley,0,0,0,heel,,,,,,,,,,,,,,,,,,,,,
2006,11,26,Carlito,01:13:13,01:51:44,,Rob Van Dam,1,1,0,heel,,,,,,,,,,,,,,,,,,,,,
2006,12,17,Chris Benoit,01:15:02,01:45:35,,Randy Orton,2,0,0,face,,,,,,,,,,,,,,,,,,,,,
2006,13,9,Booker T,01:17:38,01:17:54,,Chris Benoit,0,0,0,heel,,,,,,,,,,,,,,,,,,,,,
2006,14,22,Joey Mercury,01:19:27,01:48:42,,Shawn Michaels,0,1,0,heel,,1,Johnny Nitro,,,,,,,,,,,,,,,,,,
2006,15,12,Tatanka,01:21:25,01:35:34,,Joey Mercury & Johnny Nitro,0,0,0,face,,,,,,,,,,,,,,,,,,,,,
2006,16,23,Johnny Nitro,01:23:01,01:48:45,,Shawn Michaels,1,1,0,heel,,1,Joey Mercury,,,,,,,,,,,,,,,,,,
2006,17,13,Trevor Murdoch,01:24:38,01:38:20,,Shawn Michaels,0,0,0,heel,,,,,,,,,,,,,,,,,,,,,
2006,18,15,Eugene,01:26:16,01:42:41,,Chris Benoit,0,0,0,face,,,,,,,,,,,,,,,,,,,,,
2006,19,10,Road Warrior Animal,01:27:44,01:30:32,,Rob Van Dam,0,0,0,face,,,,,,,,,,,,,,,,,,,,,
2006,20,27,Rob Van Dam,01:29:25,01:53:18,,Triple H,3,1,0,face,,,,,,,,,,,,,,,,,,,,,
2006,21,21,Orlando Jordan,01:31:07,01:47:18,,Randy Orton,0,0,0,heel,,,,,,,,,,,,,,,,,,,,,
2006,22,11,Chavo Guerrero,01:32:40,01:33:40,,Triple H,0,0,0,face,,,,,,,,,,,,,,,,,,,,,
2006,23,14,Matt Hardy,01:34:17,01:42:00,,Viscera,0,0,0,face,,,,,,,,,,,,,,,,,,,,,
2006,24,16,Super Crazy,01:36:09,01:43:49,,Rey Mysterio & Rob Van Dam,0,0,0,heel,,1,Psicosis,,,,,,,,,,,,,,,,,,
2006,25,25,Shawn Michaels,01:37:33,01:50:28,,Shane McMahon,3,0,0,face,,,,1,,,,,,,,,,,,,,,,,
2006,26,19,Chris Masters,01:39:19,01:46:20,,Carlito,1,1,0,heel,,,,,,,,,,,,,,,,,,,,,
2006,27,18,Viscera,01:40:55,01:46:13,,Carlito & Chris Masters,1,0,0,face,,,,,,,,,,,,,,,,,,,,,
2006,28,24,Shelton Benjamin,01:42:31,01:49:23,,Shawn Michaels,0,0,0,heel,,,,,,,,,,,,,,,,,,,,,
2006,29,20,Goldust,01:43:50,01:47:00,,Rob Van Dam,0,0,0,face,,,,,,,,,,,,,,,,,,,,,
2006,30,29,Randy Orton,01:45:17,01:58:22,,Rey Mysterio,2,0,0,heel,,,,,,,,,,,,,,,,,,,,,
2007,1,1,Ric Flair,01:44:17,01:49:57,,Edge,0,0,0,face,,,,,,,,,,,,,,,,,,,,,
2007,2,12,Finlay,01:44:17,02:16:53,,Shawn Michaels,0,0,0,heel,,,,,,,,,,,,,,,,,,,,,
2007,3,2,Kenny Dykstra,01:46:00,01:50:05,,Edge,0,0,0,heel,,,,,,,,,,,,,,,,,,,,,
2007,4,9,Matt Hardy,01:47:28,02:06:23,,Randy Orton,0,0,0,face,,,,,,,,,,,,,,,,,,,,,
2007,5,28,Edge,01:48:57,02:33:02,,Shawn Michaels,3,2,0,heel,,1,Randy Orton,,,,,,,,,,,,,,,,,,
2007,6,3,Tommy Dreamer,01:50:28,01:57:10,,Kane,0,0,0,face,,,,,,,,,,,,,,,,,,,,,
2007,7,4,Sabu,01:52:13,01:57:42,,Kane,0,0,0,face,,,,,,,,,,,,,,,,,,,,,
2007,8,5,Gregory Helms,01:53:26,02:00:17,,King Booker,0,0,0,heel,,,,,,,,,,,,,,,,,,,,,
2007,9,14,Shelton Benjamin,01:54:57,02:17:20,,Shawn Michaels,0,1,0,heel,,,,,,,,,,,,,,,,,,,,,
2007,10,11,Kane,01:56:39,02:10:01,,King Booker,3,0,0,face,,,,1,,,,,,,,,,,,,,,,,
2007,11,22,CM Punk,01:58:23,02:25:40,,The Great Khali,0,1,0,face,,,,,,,,,,,,,,,,,,,,,
2007,12,10,King Booker,02:00:06,02:09:28,,Kane,2,0,1,heel,,,,,,,,,,,,,,,,,,,,,
2007,13,7,Super Crazy,02:01:22,02:05:54,,Edge & Randy Orton,0,0,0,face,,,,,,,,,,,,,,,,,,,,,
2007,14,8,Jeff Hardy,02:02:43,02:06:21,,Edge,0,0,0,face,,,,,,,,,,,,,,,,,,,,,
2007,15,6,The Sandman,02:04:38,02:04:50,,King Booker,0,0,0,face,,,,,,,,,,,,,,,,,,,,,
2007,16,27,Randy Orton,02:05:43,02:32:59,,Shawn Michaels,1,1,0,heel,,,,,,,,,,,,,,,,,,,,,
2007,17,19,Chris Benoit,02:07:24,02:25:16,,The Great Khali,2,1,0,face,,1,Edge,,,,,,,,,,,,,,,,,,
2007,18,21,Rob Van Dam,02:09:04,02:25:32,,The Great Khali,1,1,0,face,,,,,,,,,,,,,,,,,,,,,
2007,19,13,Viscera,02:10:50,02:17:08,,"Chris Benoit, CM Punk, Edge, Hardcore Holly, Johnny Nitro, Kevin Thorn, Rob Van Dam & Shelton Benjamin 2",0,0,0,neutral,,,,,,,,,,,,,,,,,,,,,
2007,20,15,Johnny Nitro,02:12:44,02:18:22,,Chris Benoit,0,1,0,heel,,,,,,,,,,,,,,,,,,,,,
2007,21,16,Kevin Thorn,02:13:24,02:19:13,,Chris Benoit,0,1,0,heel,,,,,,,,,,,,,,,,,,,,,
2007,22,18,Hardcore Holly,02:14:49,02:25:10,,The Great Khali,0,1,0,heel,,,,,,,,,,,,,,,,,,,,,
2007,23,29,Shawn Michaels,02:16:25,02:40:36,,The Undertaker,4,0,0,face,,,,,,,,,,,,,,,,,,,,,
2007,24,17,Chris Masters,02:17:55,02:21:28,,Rob Van Dam,0,0,0,heel,,,,,,,,,,,,,,,,,,,,,
2007,25,24,Chavo Guerrero,02:19:30,02:25:54,,The Great Khali,0,0,0,heel,,,,,,,,,,,,,,,,,,,,,
2007,26,26,Montel Vontavious Porter,02:21:06,02:28:38,,The Undertaker,0,0,0,heel,,,,,,,,,,,,,,,,,,,,,
2007,27,23,Carlito,02:22:28,02:25:48,,The Great Khali,0,0,0,face,,,,,,,,,,,,,,,,,,,,,
2007,28,25,The Great Khali,02:24:20,02:28:04,,The Undertaker,7,0,0,heel,,,,,,,,,,,,,,,,,,,,,
2007,29,20,The Miz,02:25:18,02:25:25,,The Great Khali,0,0,0,heel,,,,,,,,,,,,,,,,,,,,,
2007,30,30,The Undertaker,02:27:22,02:40:36,,Winner,3,0,0,face,,,,,,,,,,,,,,,,,,,,,
2008,1,11,The Undertaker,01:52:36,02:25:12,,Shawn Michaels,3,0,0,face,,,,,,,,,,,,,,,,,,,,,
2008,2,12,Shawn Michaels,01:52:36,02:25:18,,Mr. Kennedy,2,0,0,face,,,,,,,,,,,,,,,,,,,,,
2008,3,1,Santino Marella,01:54:16,01:54:41,,The Undertaker,0,0,0,heel,,,,,,,,,,,,,,,,,,,,,
2008,4,2,The Great Khali,01:56:11,01:57:19,,The Undertaker,0,0,0,heel,,,,,,,,,,,,,,,,,,,,,
2008,5,6,Hardcore Holly,01:57:43,02:11:28,,Umaga,0,0,0,face,,1,Cody Rhodes,,,,,,,,,,,,,,,,,,
2008,6,14,John Morrison,01:59:18,02:28:43,,Kane,0,0,0,heel,,1,The Miz,,,,,,,,,,,,,,,,,,
2008,7,3,Tommy Dreamer,02:00:38,02:02:46,,Batista,0,0,0,face,,,,,,,,,,,,,,,,,,,,,
2008,8,28,Batista,02:02:13,02:39:55,,Triple H,3,1,0,face,,,,,,,,,,,,,,,02:31:30,02:36:57,,,,,
2008,9,15,Hornswoggle,02:04:02,02:29:48,,DQ,1,0,0,neutral,,1,Finlay,,,,,,,,,,,,02:04:02,02:29:25,,,,,
2008,10,5,Chuck Palumbo,02:05:11,02:09:11,,CM Punk,1,0,0,heel,,,,,1,,,,,,,,,,,,,,,,
2008,11,4,Jamie Noble,02:06:41,02:07:09,,Chuck Palumbo,0,0,0,fae,,,,,,,,,,,,,,,,,,,,,
2008,12,17,CM Punk,02:08:04,02:31:56,,Chavo Guerrero,1,0,0,face,,,,,,,,,,,,,,,,,,,,,
2008,13,18,Cody Rhodes,02:09:37,02:32:52,,Triple H,0,0,0,face,,1,Hardcore Holly,,,,,,,,,,,,,,,,,,
2008,14,26,Umaga,02:11:12,02:37:17,,Batista,1,0,0,heel,,,,,,,,,,,,,,,,,,,,,
2008,15,10,Gene Snitsky,02:12:41,02:25:08,,The Undertaker,0,0,0,heel,,,,,,,,,,,,,,,,,,,,,
2008,16,13,The Miz,02:14:09,02:27:16,,Hornswoggle,0,0,0,heel,,1,John Morrison,,,,,,,,,,,,,,,,,,
2008,17,7,Shelton Benjamin,02:15:26,02:15:44,,Shawn Michaels,0,0,0,face,,,,,,,,,,,,,,,,,,,,,
2008,18,9,Jimmy Snuka,02:16:54,02:19:38,,Kane,0,0,0,face,,,,,,,,,,,,,,,,,,,,,
2008,19,8,Roddy Piper,02:18:36,02:19:37,,Kane,0,0,0,neutral,,,,,,,,,,,,,,,,,,,,,
2008,20,27,Kane,02:19:31,02:37:29,,"Batista, Triple H",3,0,0,face,,,,,,,,,,,,,,,,,,,,,
2008,21,22,Carlito,02:20:48,02:35:55,,John Cena,0,0,0,heel,,,,,,,,,,,,,,,,,,,,,
2008,22,20,Mick Foley,02:22:05,02:33:34,,Triple H,0,0,0,face,,,,,,,,,,,,,,,,,,,,,
2008,23,25,Mr. Kennedy,02:23:33,02:37:05,,Batista,1,0,0,heel,,,,,,,,,,,,,,,,,,,,,
2008,24,19,Big Daddy V,02:25:19,02:33:09,,Triple H,0,0,0,heel,,,,,,,,,,,,,,,,,,,,,
2008,25,24,Mark Henry,02:26:50,02:36:02,,John Cena,0,0,0,heel,,,,,,,,,,,,,,,,,,,,,
2008,26,23,Chavo Guerrero,02:28:23,02:35:57,,John Cena,1,0,0,heel,,,,,,,,,,,,,,,,,,,,,
2008,27,16,Finlay,02:29:37,02:29:52,,DQ,0,0,0,face,,1,Hornswoggle,,1,,,,,,,,,,,,,,,,
2008,28,21,Elijah Burke,02:31:24,02:33:34,,Triple H,0,0,0,heel,,,,,,,,,,,,,,,,,,,,,
2008,29,29,Triple H,02:32:44,02:44:06,,John Cena,5,1,0,heel,,,,,,,,,,,,,,,,,,,,,
2008,30,30,John Cena,02:25:39,02:44:06,,Winner,4,0,0,face,,,,,,,,,,,,,,,,,,,,,
2009,1,20,Rey Mysterio,01:41:13,02:30:38,,Big Show,0,1,0,face,,,,,,,,,,,,,,,,,,,,,
2009,2,5,John Morrison,01:41:13,02:00:46,,Triple H,0,0,0,heel,,1,The Miz,,,,,,,,,,,,,,,,,,
2009,3,3,Carlito,01:42:54,01:49:05,,Vladimir Kozlov,0,0,0,face,,,,,,,,,,,,,,,,,,,,,
2009,4,2,Montel Vontavious Porter,01:44:39,01:48:30,,Vladimir Kozlov,0,0,0,face,,,,,,,,,,,,,,,,,,,,,
2009,5,1,The Great Khali,01:46:36,01:48:06,,Vladimir Kozlov,0,0,0,face,,,,,,,,,,,,,,,,,,,,,
2009,6,4,Vladimir Kozlov,01:47:52,01:50:32,,Triple H,3,0,0,heel,,,,,,,,,,,,,,,,,,,,,
2009,7,29,Triple H,01:49:55,02:39:50,,Randy Orton,6,0,0,face,,,,,,,,,,,,,,,,,,,,,
2009,8,30,Randy Orton,01:51:24,02:39:50,,Winner,2,1,0,heel,,1,"Ted DiBiase Jr, Cody Rhodes",,,,,,,,,,,,,,,,,,
2009,9,7,JTG,01:53:08,02:05:06,,The Undertaker,0,0,0,face,,,,,,,,,,,,,,,,,,,,,
2009,10,27,Ted DiBiase Jr,01:54:30,02:39:41,,Triple H,0,1,0,heel,,1,"Randy Orton, Cody Rhodes",,,,,,,,,,,,,,,,,,
2009,11,23,Chris Jericho,01:56:14,02:33:31,,The Undertaker,1,0,0,heel,,,,,,,,,,,,,,,,,,,,,
2009,12,19,Mike Knox,01:57:56,02:30:38,,Big Show,0,0,0,heel,,,,,,,,,,,,,,,,,,,,,
2009,13,6,The Miz,01:59:29,02:00:46,,Triple H,0,0,0,heel,,1,John Morrison,,,,,,,,,,,,,,,,,,
2009,14,21,Finlay,02:01:07,02:31:05,,Kane,0,0,0,face,,,,,,,,,,,,,,,,,,,,,
2009,15,28,Cody Rhodes,02:02:47,02:39:48,,Triple H,1,1,0,heel,,1,"Ted DiBiase Jr, Randy Orton",,,,,,,,,,,,,,,,,,
2009,16,26,The Undertaker,02:04:26,02:37:16,,Big Show,3,1,0,face,,,,1,,,,,,,,,,,,,,,,,
2009,17,8,Goldust,02:06:10,02:07:21,,Cody Rhodes,0,0,0,face,,,,,,,,,,,,,,,,,,,,,
2009,18,18,CM Punk,02:07:45,02:30:13,,Big Show,1,0,0,face,,,,,,,,,,,,,,,,,,,,,
2009,19,9,Mark Henry,02:09:19,02:12:32,,"The Undertaker, Rey Mysterio",0,0,0,heel,,,,,,,,,,,,,,,,,,,,,
2009,20,10,Shelton Benjamin,02:10:48,02:15:05,,The Undertaker,0,0,0,heel,,,,,,,,,,,,,,,,,,,,,
2009,21,11,William Regal,02:12:13,02:16:55,,CM Punk,0,0,0,heel,,,,,,,,,,,,,,,,,,,,,
2009,22,12,Kofi Kingston,02:13:53,02:20:51,,The Brian Kendrick,0,0,0,face,,,,,,,,,,,,,,,,,,,,,
2009,23,24,Kane,02:15:41,02:34:02,,"Cody Rhodes, Randy Orton, Ted DiBiase Jr",3,0,0,face,,,,,,,,,,,,,,,,,,,,,
2009,24,17,R-Truth,02:17:25,02:29:32,,Big Show,0,0,0,face,,,,,,,,,,,,,,,,,,,,,
2009,25,22,Rob Van Dam,02:19:11,02:33:06,,Chris Jericho,0,0,0,face,,,,,,,,,,,,,,,,,,,,,
2009,26,13,The Brian Kendrick,02:20:47,02:21:02,,Triple H,1,0,0,heel,,,,,,,,,,,,,,,,,,,,,
2009,27,14,Dolph Ziggler,02:22:09,02:22:30,,Kane,0,0,0,heel,,,,,,,,,,,,,,,,,,,,,
2009,28,15,Santino Marella,02:23:44,02:23:46,,Kane,0,0,0,face,,,,,,,,,,,,,,,,,,,,,
2009,29,16,Jim Duggan,02:25:27,02:28:17,,Big Show,0,0,0,face,,,,,,,,,,,,,,,,,,,,,
2009,30,25,Big Show,02:27:33,02:37:05,,Randy Orton,5,0,1,heel,,,,,,,,,,,,,,,,,,,,,
2010,1,2,Dolph Ziggler,01:47:07,01:49:36,,CM Punk,0,0,0,heel,,,,,,,,,,,,,,,,,,,,,
2010,2,1,Evan Bourne,01:47:07,01:49:34,,CM Punk,0,0,0,face,,,,,,,,,,,,,,,,,,,,,
2010,3,7,CM Punk,01:49:12,01:59:16,,Triple H,5,0,0,heel,,,,,,,,,,,,,,,,,,,,,
2010,4,3,JTG,01:50:44,01:51:09,,CM Punk,0,0,0,face,,,,,,,,,,,,,,,,,,,,,
2010,5,4,The Great Khali,01:52:33,01:54:11,,Beth Phoenix,0,0,0,face,,,,1,,,,,,,,,,,,,,,,,
2010,6,5,Beth Phoenix,01:53:36,01:55:14,,CM Punk,1,0,0,heel,,,,,,,,,,,,,,,,,,,,,
2010,7,6,Zack Ryder,01:55:18,01:55:49,,CM Punk,0,0,0,heel,,,,,,,,,,,,,,,,,,,,,
2010,8,17,Triple H,01:57:30,02:15:20,,Shawn Michaels,2,1,0,face,,1,Shawn Michaels,,,,,,,,,,,,,,,,,,
2010,9,16,Drew McIntyre,01:58:54,02:13:37,,"Shawn Michaels, Triple H",0,0,0,heel,,,,,,,,,,,,,,,,,,,,,
2010,10,14,Ted DiBiase Jr,01:59:59,02:12:39,,Shawn Michaels,0,0,0,heel,,1,Cody Rhodes,,,,,,,,,,,,,,,,,,
2010,11,15,John Morrison,02:01:28,02:13:06,,Shawn Michaels,0,0,0,face,,,,,,,,,,,,,,,,,,,,,
2010,12,11,Kane,02:03:13,02:11:13,,Triple H,1,0,0,face,,,,,,,,,,,,,,,,,,,,,
2010,13,13,Cody Rhodes,02:04:40,02:12:34,,Shawn Michaels,1,0,0,heel,,1,Ted DiBiase Jr ,,,,,,,,,,,,,,,,,,
2010,14,8,Montel Vontavious Porter,02:06:25,02:09:37,,Himself,0,0,0,face,,,,,1,,,,,,,,,,02:06:25 ,02:09:30,,,,,
2010,15,12,Carlito,02:07:28,02:12:22,,Shawn Michaels,0,0,0,face,,,,,,,,,,,,,,,,,,,,,
2010,16,9,The Miz,02:09:21,02:09:37,,Montel Vontavious Porter,0,0,0,heel,,,,,,,,,,,,,,,,,,,,,
2010,17,10,Matt Hardy,02:10:49,02:11:09,,Kane,0,0,0,face,,,,,,,,,,,,,,,,,,,,,
2010,18,27,Shawn Michaels,02:12:20,02:33:05,,Batista,5,1,0,face,,1,Triple H ,,,,,,,,,,,,,,,,,,
2010,19,29,John Cena,02:14:19,02:36:30,,Edge,4,0,0,face,,,,,,,,,,,,,,,,,,,,,
2010,20,18,Shelton Benjamin,02:15:35,02:16:23,,John Cena,0,0,0,heel,,,,,,,,,,,,,,,,,,,,,
2010,21,19,Yoshi Tatsu,02:17:05,02:17:34,,John Cena,0,0,0,face,,,,,,,,,,,,,,,,,,,,,
2010,22,22,Big Show,02:18:41,02:22:46,,R-Truth,1,0,0,heel,,,,,,,,,,,,,,,,,,,,,
2010,23,21,Mark Henry,02:20:21,02:22:44,,R-Truth,0,0,0,face,,,,,,,,,,,,,,,,,,,,,
2010,24,20,Chris Masters,02:21:29,02:21:58,,Big Show,0,0,0,face,,,,,,,,,,,,,,,,,,,,,
2010,25,24,R-Truth,02:22:41,02:26:50,,Kofi Kingston,2,0,0,face,,,,,,,,,,,,,,,,,,,,,
2010,26,23,Jack Swagger,02:24:01,02:26:07,,Kofi Kingston,0,0,0,heel,,,,,,,,,,,,,,,,,,,,,
2010,27,25,Kofi Kingston,02:25:37,02:28:29,,John Cena,2,0,0,face,,,,,,,,,,,,,,,,,,,,,
2010,28,26,Chris Jericho,02:27:05,02:29:28,,Edge,0,0,0,heel,,,,,,,,,,,,,,,,,,,,,
2010,29,30,Edge,02:29:12,02:36:30,,Winner,2,0,0,face,,,,,,,,,,,,,,,,,,,,,
2010,30,28,Batista,02:30:28,02:35:53,,John Cena,1,0,0,heel,,,,,,,,,,,,,,,,,,,,,
2011,1,21,CM Punk,01:30:49,02:06:11,,John Cena,5,2,0,heel,,,,,,,,,,,,,,,,,,,,,
2011,2,8,Daniel Bryan,01:30:49,01:51:45,,CM Punk,2,0,0,face,,,,,,,,,,,,,,,,,,,,,
2011,3,1,Justin Gabriel,01:32:26,01:33:23,,Daniel Bryan,0,0,0,heel,,,,,,,,,,,,,,,,,,,,,
2011,4,2,Zack Ryder,01:34:01,01:34:43,,Daniel Bryan,0,0,0,face,,,,,,,,,,,,,,,,,,,,,
2011,5,3,William Regal,01:35:32,01:39:41,,Ted DiBiase,0,0,0,heel,,,,,,,,,,,,,,,,,,,,,
2011,6,7,Ted DiBiase Jr,01:37:24,01:49:40,,"Husky Harris, Michael McGillicutty",1,0,0,heel,,,,,,,,,,,,,,,,,,,,,
2011,7,10,John Morrison,01:38:51,01:52:13,,"CM Punk, David Otunga, Husky Harris, Michael McGillicutty",0,0,0,face,,,,,,,,,,,,,,,,,,,,,
2011,8,5,Yoshi Tatsu,01:40:49,01:46:43,,Mark Henry,0,0,0,face,,,,,,,,,,,,,,,,,,,,,
2011,9,15,Husky Harris,01:42:21,01:58:13,,The Great Khali,0,3,0,heel,,,,,,,,,,,,,,,,,,,,,
2011,10,4,Chavo Guerrero,01:43:54,01:45:54,,Mark Henry,0,0,0,face,,,,,,,,,,,,,,,,,,,,,
2011,11,11,Mark Henry,01:45:35,01:52:39,,"CM Punk, David Otunga, Husky Harris, Michael McGillicutty",2,0,0,face,,,,,,,,,,,,,,,,,,,,,
2011,12,6,JTG,01:47:01,01:48:49,,Michael McGillicutty,0,0,0,face,,,,,,,,,,,,,,,,,,,,,
2011,13,20,Michael McGillicutty,01:48:24,02:03:31,,John Cena,1,3,0,heel,,,,,,,,,,,,,,,,,,,,,
2011,14,9,Chris Masters,01:49:58,01:51:45,,CM Punk,0,0,0,face,,,,,,,,,,,,,,,,,,,,,
2011,15,19,David Otunga,01:51:34,02:03:30,,John Cena,0,2,0,heel,,,,,,,,,,,,,,,,,,,,,
2011,16,12,Tyler Reks,01:53:05,01:53:39,,CM Punk,0,0,0,heel,,,,,,,,,,,,,,,,,,,,,
2011,17,13,Vladimir Kozlov,01:54:29,01:55:09,,CM Punk,0,0,0,face,,,,,,,,,,,,,,,,,,,,,
2011,18,14,R-Truth,01:55:59,01:57:00,,CM Punk,0,0,0,face,,,,,,,,,,,,,,,,,,,,,
2011,19,16,The Great Khali,01:57:57,01:59:11,,Mason Ryan,1,0,0,face,,,,,,,,,,,,,,,,,,,,,
2011,20,18,Mason Ryan,01:58:53,02:03:24,,John Cena,2,0,0,heel,,,,,,,,,,,,,,,,,,,,,
2011,21,17,Booker T,02:00:41,02:01:49,,Mason Ryan,0,0,0,face,,,,,,,,,,,,,,,,,,,,,
2011,22,36,John Cena,02:03:02,02:37:19,,The Miz,6,1,0,face,,,,1,,,,,,,,,,,,,,,,,
2011,23,24,Hornswoggle,02:05:03,02:14:42,,King Sheamus,0,0,0,face,,,,,,,,,,,,,,,,,,,,,
2011,24,22,Tyson Kidd,02:07:01,02:07:54,,John Cena,0,0,0,heel,,,,,,,,,,,,,,,,,,,,,
2011,25,23,Heath Slater,02:08:33,02:09:31,,John Cena,0,0,0,heel,,,,,,,,,,,,,,,,,,,,,
2011,26,31,Kofi Kingston,02:10:29,02:31:32,,Randy Orton,0,1,0,face,,,,,,,,,,,,,,,,,,,,,
2011,27,25,Jack Swagger,02:11:42,02:16:23,,Rey Mysterio,0,0,0,heel,,,,,,,,,,,,,,,,,,,,,
2011,28,32,Sheamus,02:13:20,02:31:36,,Randy Orton,1,0,0,heel,,,,,,,,,,,,,,,,,,,,,
2011,29,35,Rey Mysterio,02:15:15,02:34:22,,Wade Barrett,2,0,0,face,,,,,,,,,,,,,,,,,,,,,
2011,30,37,Wade Barrett,02:17:02,02:39:25,,Randy Orton,2,0,0,heel,,,,,,,,,,,,,,,,,,,,,
2011,31,27,Dolph Ziggler,02:18:29,02:25:40,,Big Show,0,0,0,heel,,,,,,,,,,,,,,,,,,,,,
2011,32,26,Diesel,02:20:28,02:23:11,,Wade Barrett,0,0,0,neutral,,,,,,,,,,,,,,,,,,,,,
2011,33,29,Drew McIntyre,02:21:21,02:26:07,,Big Show,0,0,0,heel,,,,,,,,,,,,,,,,,,,,,
2011,34,28,Alex Riley,02:23:01,02:25:51,,"John Cena, Kofi Kingston",0,0,0,heel,,,,,,,,,,,,,,,,,,,,,
2011,35,30,Big Show,02:24:53,02:26:23,,Ezekiel Jackson,2,0,0,heel,,,,,,,,,,,,,,,,,,,,,
2011,36,33,Ezekiel Jackson,02:26:09,02:33:23,,Kane,1,0,0,heel,,,,,,,,,,,,,,,,,,,,,
2011,37,39,Santino Marella,02:27:46,02:40:40,,Alberto Del Rio,0,0,0,face,,,,,,,,,,,,,,,02:28:07,02:39:54,,,,,
2011,38,40,Alberto Del Rio,02:31:08,02:40:40,,Winner,2,0,0,heel,,,,,,,,,,,,,,,,,,,,,
2011,39,38,Randy Orton,02:31:10,02:39:28,,Alberto Del Rio,3,0,0,face,,,,,,,,,,,,,,,,,,,,,
2011,40,34,Kane,02:32:41,02:34:17,,Rey Mysterio,1,0,0,heel,,,,,,,,,,,,,,,,,,,,,
2012,1,25,The Miz,01:45:29,02:31:08,,Big Show,2,0,0,heel,,,,,,,,,,,,,,,01:52:52,01:59:42,,,,,
2012,2,1,Alex Riley,01:45:29,01:46:44,,The Miz,0,0,0,face,,,,,,,,,,,,,,,,,,,,,
2012,3,2,R-Truth,01:47:44,01:52:41,,The Miz,0,0,0,face,,,,,,,,,,,,,,,,,,,,,
2012,4,24,Cody Rhodes,01:49:13,02:31:08,,Big Show,5,1,0,heel,,,,,,,,,,,,,,,,,,,,,
2012,5,4,Justin Gabriel,01:50:42,01:56:55,,"Mick Foley, Ricardo Rodriguez",0,0,0,face,,,,,,,,,,,,,,,,,,,,,
2012,6,3,Primo,01:52:05,01:54:01,,Mick Foley,0,0,0,heel,,1,Epico,,,,,,,,,,,,,,,,,,
2012,7,8,Mick Foley,01:53:42,02:00:15,,Cody Rhodes,2,1,0,face,,,,,,,,,,,,,,,,,,,,,
2012,8,5,Ricardo Rodriguez,01:56:01,01:58:21,,Santino Marella,0,1,0,heel,,,,,,,,,,,,,,,,,,,,,
2012,9,7,Santino Marella,01:57:27,01:59:57,,Cody Rhodes,1,0,0,face,,,,,,,,,,,,,,,,,,,,,
2012,10,6,Epico,01:59:14,01:59:25,,Mick Foley,0,0,0,heel,,1,Primo,,,,,,,,,,,,,,,,,,
2012,11,18,Kofi Kingston,02:00:46,02:18:41,,Sheamus,0,0,0,face,,,,,,,,,,,,,,,,,,,,,
2012,12,9,Jerry Lawler,02:02:18,02:03:00,,Cody Rhodes,0,0,1,face,,,,,,,,,,,,,,,,,,,,,
2012,13,11,Ezekiel Jackson,02:03:38,02:07:24,,The Great Khali,0,0,0,face,,,,,,,,,,,,,,,,,,,,,
2012,14,10,Jinder Mahal,02:05:53,02:07:10,,The Great Khali,0,0,0,heel,,,,,,,,,,,,,,,,,,,,,
2012,15,14,The Great Khali,02:06:56,02:14:25,,Cody Rhodes,2,0,0,face,,,,,,,,,,,,,,,,,,,,,
2012,16,16,Hunico,02:08:22,02:17:22,,Kharma,0,0,0,heel,,,,,,,,,,,,,,,,,,,,,
2012,17,13,Booker T,02:09:45,02:14:25,,"Cody Rhodes, Dolph Ziggler",0,0,1,face,,,,,,,,,,,,,,,,,,,,,
2012,18,26,Dolph Ziggler,02:11:38,02:31:24,,Big Show,1,1,0,heel,,,,,,,,,,,,,,,,,,,,,
2012,19,12,Hacksaw Jim Duggan,02:13:04,02:14:01,,Cody Rhodes,0,0,0,face,,,,,,,,,,,,,,,,,,,,,
2012,20,15,Michael Cole,02:15:27,02:16:51,,"Booker T, Jerry Lawler",0,0,0,heel,,,,1,,,,,,,,,,,,,,,,,
2012,21,17,Kharma,02:16:30,02:17:30,,Dolph Ziggler,1,0,0,face,,,,,,,,,,,,,,,,,,,,,
2012,22,30,Sheamus,02:18:03,02:40:23,,Winner,2,1,0,face,,,,,,,,,,,,,,,,,,,,,
2012,23,19,Road Dogg,02:19:39,02:24:35,,Wade Barrett,0,0,0,face,,,,,,,,,,,,,,,,,,,,,
2012,24,20,Jey Uso,02:21:03,02:28:06,,Randy Orton,0,0,0,face,,,,,,,,,,,,,,,,,,,,,
2012,25,23,Jack Swagger,02:22:36,02:30:35,,"Big Show, Sheamus",0,0,0,heel,,,,,,,,,,,,,,,,,,,,,
2012,26,21,Wade Barrett,02:24:19,02:28:14,,Randy Orton,1,0,0,heel,,,,,,,,,,,,,,,,,,,,,
2012,27,22,David Otunga,02:25:47,02:29:03,,Chris Jericho,0,0,0,heel,,,,,,,,,,,,,,,,,,,,,
2012,28,28,Randy Orton,02:26:59,02:32:46,,Chris Jericho,3,0,0,face,,,,,,,,,,,,,,,,,,,,,
2012,29,29,Chris Jericho,02:28:49,02:40:23,,Sheamus,2,0,0,face,,,,,,,,,,,,,,,,,,,,,
2012,30,27,Big Show,02:30:49,02:32:41,,Randy Orton,3,0,1,face,,,,,,,,,,,,,,,,,,,,,
2013,1,27,Dolph Ziggler,01:04:07,01:53:53,,Sheamus,2,0,0,heel,,,,,,,,,,,,,,,,,,,,,
2013,2,25,Chris Jericho,01:04:07,01:51:59,,Dolph Ziggler,1,1,0,face,,,,,,,,,,,,,,,,,,,,,
2013,3,12,Cody Rhodes,01:05:56,01:33:24,,John Cena,3,1,0,heel,,1,Damien Sandow,,,,,,,,,,,,,,,,,,
2013,4,9,Kofi Kingston,01:07:40,01:28:47,,Cody Rhodes,2,0,0,face,,,,,,,,,,,,,,,,,,,,,
2013,5,1,Santino Marella,01:09:29,01:10:09,,Cody Rhodes,0,0,0,face,,,,,,,,,,,,,,,,,,,,,
2013,6,2,Drew McIntyre,01:11:03,01:13:33,,Chris Jericho,0,0,0,heel,,1,"Heath Slater, Jinder Mahal",,,,,,,,,,,,,,,,,,
2013,7,3,Titus O'Neil,01:12:43,01:20:01,,Sheamus,0,0,0,heel,,1,Darren Young,,,,,,,,,,,,,,,,,,
2013,8,5,Goldust,01:14:40,01:23:53,,Cody Rhodes,0,0,0,face,,,,,,,,,,,,,,,,,,,,,
2013,9,4,David Otunga,01:16:18,01:20:21,,Sheamus,0,0,0,heel,,,,,,,,,,,,,,,,,,,,,
2013,10,11,Heath Slater,01:17:45,01:33:19,,John Cena,0,1,0,heel,,1,"Drew McIntyre, Jinder Mahal",,,,,,,,,,,,,,,,,,
2013,11,28,Sheamus,01:19:21,01:56:35,,Ryback,4,1,0,face,,,,,,,,,,,,,,,,,,,,,
2013,12,7,Tensai,01:20:53,01:26:20,,Kofi Kingston,0,0,0,heel,,,,,,,,,,,,,,,,,,,,,
2013,13,6,Brodus Clay,01:22:46,01:26:04,,"Chris Jericho, Cody Rhodes, Darren Young, Heath Slater, Sheamus",0,0,0,face,,,,,,,,,,,,,,,,,,,,,
2013,14,13,Rey Mysterio,01:24:20,01:34:53,,Wade Barrett,0,0,0,face,,,,,,,,,,,,,,,,,,,,,
2013,15,8,Darren Young,01:25:59,01:28:39,,Kofi Kingston,0,1,9,heel,,,,,,,,,,,,,,,,,,,,,
2013,16,21,Bo Dallas,01:27:58,01:49:28,,Wade Barrett,1,0,0,neutral,,,,,,,,,,,,,,,,,,,,,
2013,17,10,The Godfather,01:30:05,01:30:08,,Dolph Ziggler,0,0,0,face,,,,,,,,,,,,,,,,,,,,,
2013,18,20,Wade Barrett,01:31:27,01:48:36,,Bo Dallas,1,0,1,heel,,,,1,,,,,,,,,,,,,,,,,
2013,19,30,John Cena,01:33:02,01:59:11,,Winner,4,0,0,face,,,,,,,,,,,,,,,,,,,,,
2013,20,22,Damien Sandow,01:34:26,01:50:40,,Ryback,0,0,0,heel,,1,Cody Rhodes,,,,,,,,,,,,,,,,,,
2013,21,16,Daniel Bryan,01:35:58,01:42:39,,"Antonio Cesaro, Kane",1,1,0,face,,,,,,,,,,,,,,,,,,,,,
2013,22,18,Cesaro,01:37:31,01:45:05,,John Cena,0,1,0,hel,,,,,,,,,,,,,,,,,,,,,
2013,23,14,The Great Khali,01:39:13,01:41:54,,"Daniel Bryan, Kane",0,0,0,face,,,,,,,,,,,,,,,,,,,,,
2013,24,15,Kane,01:40:32,01:42:02,,Daniel Bryan,0,1,1,face,,,,,,,,,,,,,,,,,,,,,
2013,25,17,Zack Ryder,01:41:47,01:44:11,,Randy Orton,0,0,0,face,,,,,,,,,,,,,,,,,,,,,
2013,26,26,Randy Orton,01:43:18,01:53:28,,Ryback,1,0,0,face,,,,,,,,,,,,,,,,,,,,,
2013,27,19,Jinder Mahal,01:44:51,01:46:48,,Sheamus,0,0,0,heel,,1,"Heath Slater, Drew McIntyre",,,,,,,,,,,,,,,,,,
2013,28,24,The Miz,01:46:35,01:51:06,,Ryback,0,0,0,face,,,,,,,,,,,,,,,,,,,,,
2013,29,23,Sin Cara,01:48:00,01:51:04,,Ryback,0,0,0,face,,,,,,,,,,,,,,,,,,,,,
2013,30,29,Ryback,01:50:21,01:59:11,,John Cena,5,0,0,face,,,,,,,,,,,,,,,,,,,,,
2014,1,27,CM Punk,01:44:13,02:33:25,,Kane,2,1,0,face,,,,1,,,,,,,,,,,,,,,,,
2014,2,25,Seth Rollins,01:44:13,02:32:44,,Roman Reigns,1,3,0,heel,,1,"Roman Reigns, Dean Ambrose",,,,,,,,,,,,,,,,,,
2014,3,1,Damien Sandow,01:45:52,01:48:00,,CM Punk,0,0,0,heel,,,,,,,,,,,,,,,,,,,,,
2014,4,11,Cody Rhodes,01:47:24,02:08:17,,Dean Ambrose,0,1,0,face,,,,,,,,,,,,,,,,,,,,,
2014,5,2,Kane,01:49:00,01:49:57,,CM Punk,0,0,1,heel,,,,,,,,,,,,,,,,,,,,,
2014,6,3,Rusev,01:50:40,01:57:22,,"CM Punk, Cody Rhodes, Kofi Kingston, Seth Rollins",0,0,0,heel,,,,,,,,,,,,,,,,,,,,,
2014,7,6,Jack Swagger,01:52:04,02:04:11,,Kevin Nash,0,0,0,heel,,1,Cesaro,,,,,,,,,,,,,,,,,,
2014,8,7,Kofi Kingston,01:53:28,02:06:01,,Roman Reigns,0,1,0,face,,,,,,,,,,,,,,,,,,,,,
2014,9,5,Jimmy Uso,01:54:58,02:02:44,,Dean Ambrose,0,0,0,face,,1,Jey Uso,,,,,,,,,,,,,,,,,,
2014,10,12,Goldust,01:56:30,02:08:20,,Roman Reigns,0,0,0,face,,,,,,,,,,,,,,,,,,,,,
2014,11,26,Dean Ambrose,01:58:37,02:32:44,,Roman Reigns,3,2,0,heel,,1,"Seth Rollins, Roman Reigns",,,,,,,,,,,,,,,,,,
2014,12,8,Dolph Ziggler,02:00:31,02:06:27,,Roman Reigns,0,0,0,face,,,,,,,,,,,,,,,,,,,,,
2014,13,4,R-Truth,02:01:57,02:02:25,,Dean Ambrose,0,0,0,face,,,,,,,,,,,,,,,,,,,,,
2014,14,9,Diesel,02:04:08,02:06:37,,Roman Reigns,1,0,0,neutral,,,,,,,,,,,,,,,,,,,,,
2014,15,29,Roman Reigns,02:05:37,02:39:19,,Batista,10,2,0,heel,,1,"Seth Rollins, Dean Ambrose",,,,,,,,,,,,,,,,,,
2014,16,10,The Great Khali,02:07:30,02:07:53,,"Dean Ambrose, Roman Reigns, Seth Rollins",0,0,0,face,,,,,,,,,,,,,,,,,,,,,
2014,17,28,Sheamus,02:08:51,02:37:03,,Roman Reigns,1,0,0,face,,,,,,,,,,,,,,,,,,,,,
2014,18,16,The Miz,02:10:23,02:22:24,,Luke Harper,0,0,0,face,,,,,,,,,,,,,,,,,,,,,
2014,19,13,Fandango,02:12:03,02:14:48,,El Torito,0,0,0,heel,,,,,,,,,,,,,,,,,,,,,
2014,20,14,El Torito,02:13:40,02:15:07,,Roman Reigns,1,0,0,face,,,,,,,,,,,,,,,,,,,,,
2014,21,24,Cesaro,02:15:45,02:32:43,,"Roman Reigns, Seth Rollins, Dean Ambrose",0,0,0,heel,,1,Cesaro,,,,,,,,,,,,,,,,,,
2014,22,23,Luke Harper,02:17:18,02:32:29,,Roman Reigns,2,0,0,heel,,1,Erick Rowan,,,,,,,,,,,,,,,,,,
2014,23,17,Jey Uso,02:18:41,02:23:03,,Luke Harper,0,0,0,face,,1,Jimmy Uso,,,,,,,,,,,,,,,,,,
2014,24,15,Bradshaw,02:20:34,02:20:51,,Roman Reigns,0,0,0,neutral,,,,,,,,,,,,,,,,,,,,,
2014,25,18,Erick Rowan,02:21:59,02:26:47,,Batista,0,0,0,heel,,1,Luke Harper,,,,,,,,,,,,,,,,,,
2014,26,19,Ryback,02:23:26,02:27:16,,Batista,0,0,0,face,,,,,,,,,,,,,,,,,,,,,
2014,27,20,Alberto Del Rio,02:24:58,02:27:45,,Batista,0,0,0,heel,,,,,,,,,,,,,,,,,,,,,
2014,28,30,Batista,02:26:27,02:39:19,,Winner,4,0,0,face,,,,,,,,,,,,,,,,,,,,,
2014,29,21,Big E,02:28:11,02:30:52,,Sheamus,0,0,0,face,,,,,,,,,,,,,,,,,,,,,
2014,30,22,Rey Mysterio,02:29:43,02:31:44,,Seth Rollins,0,0,0,face,,,,,,,,,,,,,,,,,,,,,
2015,1,1,The Miz,01:34:44,01:38:45,,Bubba Ray Dudley,0,0,0,heel,,,,,,,,,,,,,,,,,,,,,
2015,2,2,R-Truth,01:34:44,01:38:57,,Bubba Ray Dudley,0,0,0,face,,,,,,,,,,,,,,,,,,,,,
2015,3,3,Bubba Ray Dudley,01:36:53,01:41:37,,Bray Wyatt,2,0,0,face,,,,,,,,,,,,,,,,,,,,,
2015,4,5,Luke Harper,01:39:16,01:43:32,,Bray Wyatt,0,0,0,heel,,,,1,,,,,,,,,,,,,,,,,
2015,5,25,Bray Wyatt,01:41:01,02:27:50,,"Big Show, Kane",6,0,0,heel,,,,,,,,,,,,,,,01:55:52,01:57:54,,,,,
2015,6,4,Curtis Axel,01:42:32,01:42:32,,DQ,0,0,0,heel,,,,,,,,,,,,,,,,,,,,,
2015,7,6,The Boogeyman,01:45:00,01:45:47,,Bray Wyatt,0,0,0,neutral,,,,,,,,,,,,,,,,,,,,,
2015,8,7,Sin Cara,01:46:26,01:47:02,,Bray Wyatt,0,0,0,face,,,,,,,,,,,,,,,,,,,,,
2015,9,8,Zack Ryder,01:48:12,01:48:46,,Bray Wyatt,0,0,0,face,,,,,,,,,,,,,,,,,,,,,
2015,10,12,Daniel Bryan,01:49:57,02:00:07,,Bray Wyatt,1,0,0,face,,,,,,,,,,,,,,,01:55:58,01:59:35,,,,,
2015,11,11,Fandango,01:51:37,01:59:12,,Rusev,0,0,0,heel,,,,,,,,,,,,,,,,,,,,,
2015,12,9,Tyson Kidd,01:53:15,01:55:41,,Daniel Bryan,0,0,0,heel,,1,Cesaro,,,,,,,,,,,,,,,,,,
2015,13,16,Stardust,01:54:52,02:07:16,,Roman Reigns,0,0,0,heel,,,,,,,,,,,,,,,,,,,,,
2015,14,10,Diamond Dallas Page,01:56:40,01:59:07,,Rusev,0,0,0,neutral,,,,,,,,,,,,,,,,,,,,,
2015,15,29,Rusev,01:58:52,02:34:09,,Roman Reigns,6,0,0,heel,,,,,,,,,,,,,,,02:24:30,02:33:50,,,,,
2015,16,15,Goldust,02:00:52,02:07:13,,Roman Reigns,0,0,0,face,,,,,,,,,,,,,,,,,,,,,
2015,17,14,Kofi Kingston,02:02:36,02:05:27,,Rusev,0,0,0,face,,1,Big E,,,,,,,,,,,,,,,,,,
2015,18,13,Adam Rose,02:04:58,02:05:07,,Rusev,0,0,0,face,,,,,,,,,,,,,,,,,,,,,
2015,19,30,Roman Reigns,02:06:41,02:34:09,,Winner,5,1,0,face,,,,,,,,,,,,,,,,,,,,,
2015,20,19,Big E,02:08:03,02:22:52,,Rusev,0,0,0,face,,1,Kofi Kingston,,,,,,,,,,,,,,,,,,
2015,21,17,Damien Mizdow,02:10:19,02:10:37,,Rusev,0,0,0,face,,,,,,,,,,,,,,,,,,,,,
2015,22,21,Jack Swagger,02:11:26,02:24:15,,Big Show,0,0,0,face,,,,,,,,,,,,,,,,,,,,,
2015,23,20,Ryback,02:13:07,02:24:08,,"Big Show, Kane",0,0,0,face,,,,,,,,,,,,,,,,,,,,,
2015,24,27,Kane,02:14:53,02:31:49,,Roman Reigns,0,4,0,heel,,1,Big Show,,,,,,,,,,,,,,,,,,
2015,25,26,Dean Ambrose,02:16:17,02:29:47,,"Big Show, Kane",0,1,0,face,,,,,,,,,,,,,,,,,,,,,
2015,26,18,Titus O'Neil,02:18:06,02:18:10,,"Dean Ambrose,  Roman Reigns",0,0,0,heel,,,,,,,,,,,,,,,,,,,,,
2015,27,22,Bad News Barrett,02:19:50,02:25:37,,Dolph Ziggler,0,0,0,heel,,,,,,,,,,,,,,,,,,,,,
2015,28,23,Cesaro,02:21:41,02:26:37,,Dolph Ziggler,0,0,0,heel,,1,Tyson Kidd,,,,,,,,,,,,,,,,,,
2015,29,28,Big Show,02:23:28,02:31:49,,Roman Reigns,1,4,0,heel,,1,Kane,,,,,,,,,,,,,,,,,,
2015,30,24,Dolph Ziggler,02:25:08,02:27:28,,"Big Show, Kane",2,0,0,face,,,,,,,,,,,,,,,,,,,,,
2016,1,28,Roman Reigns,01:56:17,02:56:05,,Triple H,4,1,0,face,,,,,,,,,,,,,,,02:17:17,02:47:40,,,,,
2016,2,1,Rusev,01:56:17,01:57:47,,Roman Reigns,0,0,0,heel,,1,"Alberto Del Rio, Sheamus, ",,,,,,,,,,,,,,,,,,
2016,3,11,AJ Styles,01:59:14,02:27:02,,Kevin Owens,1,1,0,face,,,,,,,,,,,,,,,,,,,,,
2016,4,2,Tyler Breeze,02:00:32,02:01:30,,"AJ Styles, Roman Reigns",0,0,0,heel,,,,,,,,,,,,,,,,,,,,,
2016,5,3,Curtis Axel,02:02:13,02:03:21,,AJ Styles ,0,0,0,heel,,,,,,,,,,,,,,,,,,,,,
2016,6,26,Chris Jericho,02:04:11,02:54:57,,Dean Ambrose,1,0,0,face,,,,,,,,,,,,,,,,,,,,,
2016,7,9,Kane,02:05:54,02:24:36,,Braun Strowman,1,0,0,face,,,,,,,,,,,,,,,,,,,,,
2016,8,4,Goldust,02:07:37,02:13:32,,Titus O'Neil,0,0,0,face,,,,,,,,,,,,,,,,,,,,,
2016,9,8,Ryback,02:09:17,02:21:37,,Big Show,0,0,0,face,,,,,,,,,,,,,,,,,,,,,
2016,10,6,Kofi Kingston,02:11:04,02:18:45,,Chris Jericho,0,0,0,heel,,,,,,,,,,,,,,,02:15:34,02:18:15,,,,,
2016,11,7,Titus O'Neil,02:12:35,02:21:30,,Big Show,1,0,0,face,,,,,,,,,,,,,,,,,,,,,
2016,12,5,R-Truth,02:14:35,02:15:12,,Kane,0,0,0,face,,,,,,,,,,,,,,,,,,,,,
2016,13,19,Luke Harper,02:17:03,02:40:35,,Brock Lesnar,2,1,1,heel,,1,"Braun Strowman, Bray Wyatt, Erick Rowan",,,,,,,,,,,,,,,,,,
2016,14,14,Stardust,02:18:46,02:32:44,,Luke Harper,0,0,0,heel,,,,,,,,,,,,,,,,,,,,,
2016,15,10,Big Show,02:21:07,02:25:27,,Braun Strowman,2,0,0,heel,,,,,,,,,,,,,,,,,,,,,
2016,16,13,Neville,02:22:32,02:32:33,,Luke Harper,0,0,0,face,,,,,,,,,,,,,,,,,,,,,
2016,17,20,Braun Strowman,02:24:19,02:42:02,,Brock Lesnar,3,1,1,heel,,1,"Luke Harper, Bray Wyatt, Erick Rowan",,,,,,,,,,,,,,,,,,
2016,18,12,Kevin Owens,02:26:30,02:30:55,,Sami Zayn,1,0,0,heel,,,,,,,,,,,,,,,,,,,,,
2016,19,29,Dean Ambrose,02:28:24,02:57:59,,Triple H,1,0,0,face,,,,,,,,,,,,,,,,,,,,,
2016,20,16,Sami Zayn,02:30:21,02:34:53,,Braun Strowman,1,0,0,face,,,,,,,,,,,,,,,,,,,,,
2016,21,17,Erick Rowan,02:32:00,02:36:14,,Brock Lesnar,1,0,1,heel,,1,"Luke Harper, Braun Strowman, Bray Wyatt",,,,,,,,,,,,,,,,,,
2016,22,15,Mark Henry,02:33:49,02:34:17,,"Braun Strowman, Erick Rowan, Luke Harper",0,0,0,face,,,,,,,,,,,,,,,,,,,,,
2016,23,21,Brock Lesnar,02:35:36,02:44:48,,"Braun Strowman, Erick Rowan, Luke Harper",4,0,0,neutral,,,,1,,,,,,,,,,,,,,,,,
2016,24,18,Jack Swagger,02:37:21,02:37:35,,Brock Lesnar,0,0,0,face,,,,,,,,,,,,,,,,,,,,,
2016,25,22,The Miz,02:39:12,02:47:43,,Roman Reigns,0,0,0,heel,,,,,,,,,,,,,,,02:39:12,02:46:05,,,,,
2016,26,23,Alberto Del Rio,02:41:06,02:47:53,,Roman Reigns,0,0,0,heel,,1,"Rusev, Sheamus",,,,,,,,,,,,,,,,,,
2016,27,25,Bray Wyatt,02:43:15,02:53:58,,"Triple H, Sheamus",0,0,0,heel,,1,"Luke Harper, Braun Strowman, Erick Rowan",,,,,,,,,,,,,,,,,,
2016,28,24,Dolph Ziggler,02:45:45,02:52:45,,Triple H,0,0,0,face,,,,,,,,,,,,,,,,,,,,,
2016,29,27,Sheamus,02:47:43,02:56:01,,Roman Reigns,0,1,0,heel,,1,"Alberto Del Rio, Rusev",,,,,,,,,,,,02:47:43,02:51:42,,,,,
2016,30,30,Triple H,02:50:11,02:57:59,,Winner,3,1,0,heel,,,,,,,,,,,,,,,,,,,,,
2017,1,3,Big Cass,02:26:31,02:36:28,,Braun Strowman,0,0,0,face,,1,Enzo Amore,,,,,,,,,,,,,,,,,,
2017,2,27,Chris Jericho,02:26:31,03:26:44,,Roman Reigns,1,1,0,heel,,,,,,,,,,,,,,,02:35:04,03:06:33,,,,,
2017,3,4,Kalisto,02:28:30,02:36:47,,Braun Strowman,0,0,0,face,,,,,,,,,,,,,,,,,,,,,
2017,4,2,Mojo Rawley,02:30:01,02:36:16,,Braun Strowman,0,0,0,face,,,,,,,,,,,,,,,,,,,,,
2017,5,1,Jack Gallagher,02:31:37,02:34:56,,Mark Henry,0,0,0,face,,,,,,,,,,,,,,,,,,,,,
2017,6,5,Mark Henry,02:34:05,02:37:21,,Braun Strowman,1,0,0,face,,,,,,,,,,,,,,,,,,,,,
2017,7,9,Braun Strowman,02:35:53,02:49:03,,Baron Corbin,7,0,0,heel,,,,,,,,,,,,,,,,,,,,,
2017,8,25,Sami Zayn,02:37:58,03:24:51,,The Undertaker,0,0,0,face,,,,,,,,,,,,,,,,,,,,,
2017,9,6,Big Show,02:40:28,02:42:10,,Braun Strowman,0,0,0,face,,,,,,,,,,,,,,,,,,,,,
2017,10,8,Tye Dillinger,02:43:03,02:48:30,,Braun Strowman,0,0,0,face,,,,,,,,,,,,,,,,,,,,,
2017,11,7,James Ellsworth,02:44:32,02:46:37,,Braun Strowman,0,0,0,face,,,,,,,,,,,,,,,02:44:32,02:46:23,,,,,
2017,12,16,Dean Ambrose,02:46:54,03:13:48,,Brock Lesnar,0,0,0,face,,,,,,,,,,,,,,,,,,,,,
2017,13,21,Baron Corbin,02:48:12,03:20:48,,The Undertaker,1,0,0,heel,,,,,,,,,,,,,,,,,,,,,
2017,14,10,Kofi Kingston,02:50:14,03:06:26,,"Cesaro, Sheamus",0,0,0,face,,1,"Big E, Xavier Woods",,,,,,,,,,,,,,,,,,
2017,15,24,The Miz,02:52:06,03:24:47,,The Undertaker,0,0,0,heel,,,,,,,,,,,,,,,,,,,,,
2017,16,14,Sheamus,02:54:22,03:06:37,,Chris Jericho,0,4,0,face,,1,Cesaro,,,,,,,,,,,,,,,,,,
2017,17,12,Big E,02:56:37,03:06:26,,"Cesaro, Sheamus",0,0,0,face,,1,"Kofi Kingston, Xavier Woods",,,,,,,,,,,,,,,,,,
2017,18,20,Rusev,02:58:15,03:20:53,,Goldberg,0,0,0,heel,,,,,,,,,,,,,,,,,,,,,
2017,19,13,Cesaro,02:59:51,03:06:37,,"Chris Jericho, Sheamus",0,3,0,face,,1,Sheamus,,,,,,,,,,,,,,,,,,
2017,20,11,Xavier Woods,03:01:40,03:06:26,,"Cesaro, Sheamus",0,0,0,face,,1,"Big E, Kofi Kingston",,,,,,,,,,,,,,,,,,
2017,21,28,Bray Wyatt,03:04:10,03:28:19,,Roman Reigns,0,0,0,heel,,1,Randy Orton,,,,,,,,,,,,,,,,,,
2017,22,15,Apollo Crews,03:05:45,03:11:30,,Luke Harper,0,0,0,face,,,,,,,,,,,,,,,,,,,,,
2017,23,30,Randy Orton,03:07:45,03:28:37,,Winner,1,0,0,heel,,1,Bray Wyatt,,,,,,,,,,,,,,,,,,
2017,24,17,Dolph Ziggler,03:09:31,03:13:51,,Brock Lesnar,0,0,0,heel,,,,,,,,,,,,,,,,,,,,,
2017,25,22,Luke Harper,03:11:13,03:21:09,,Goldberg,1,0,0,heel,,,,,,,,,,,,,,,,,,,,,
2017,26,19,Brock Lesnar,03:13:42,03:18:12,,Goldberg,3,0,0,neutral,,,,,,,,,,,,,,,,,,,,,
2017,27,18,Enzo Amore,03:15:45,03:16:03,,Brock Lesnar,0,0,0,face,,1,Big Cass,,,,,,,,,,,,,,,,,,
2017,28,23,Goldberg,03:17:52,03:21:13,,The Undertaker,3,0,0,face,,,,,,,,,,,,,,,,,,,,,
2017,29,26,The Undertaker,03:20:17,03:25:22,,Roman Reigns,4,0,0,face,,,,,,,,,,,,,,,,,,,,,
2017,30,29,Roman Reigns,03:23:33,03:28:37,,Randy Orton,3,0,0,face,,,,,,,,,,,,,,,,,,,,,
2018,1,12,Rusev,00:59:55,01:30:22,,"Bray Wyatt, Matt Hardy",0,0,0,face,,,,,,,,,,,,,,,,,,,,,
2018,2,27,Finn Balor,00:59:55,01:57:32,,John Cena,4,0,0,face,,,,,,,,,,,,,,,01:04:25,01:13:09,,,,,
2018,3,1,Rhyno,01:01:49,01:04:02,,Baron Corbin,0,0,0,face,,,,,,,,,,,,,,,01:04:16,01:11:16,,,,,
2018,4,2,Baron Corbin,01:03:09,01:04:09,,Finn Balor,1,0,0,heel,,,,,,,,,,,,,,,,,,,,,
2018,5,4,Heath Slater,01:05:19,01:16:50,,Bray Wyatt,1,0,0,face,,,,,,,,,,,,,,,01:05:19,01:16:17,,,,,
2018,6,15,Elias,01:07:30,01:32:22,,John Cena,0,0,0,heel,,,,,,,,,,,,,,,,,,,,,
2018,7,18,Andrade,01:09:02,01:38:01,,Randy Orton,1,0,0,heel,,,,,,,,,,,,,,,,,,,,,
2018,8,13,Bray Wyatt,01:10:59,01:30:55,,Matt Hardy,3,0,0,heel,,,,,,,,,,,,,,,,,,,,,
2018,9,8,Big E,01:12:55,01:26:23,,Jinder Mahal,0,0,0,face,,1,"Xavier Woods, Kofi Kingston",,,,,,,,,,,,,,,,,,
2018,10,5,Sami Zayn,01:15:09,01:21:57,,Shinsuke Nakamura,0,0,0,heel,,,,,,,,,,,,,,,,,,,,,
2018,11,3,Sheamus,01:16:19,01:16:21,,Heath Slater,0,0,0,heel,,1,Cesaro,,,,,,,,,,,,,,,,,,
2018,12,7,Xavier Woods,01:17:51,01:26:04,,Jinder Mahal,0,0,0,face,,1,"Big E, Kofi Kingston",,,,,,,,,,,,,,,,,,
2018,13,6,Apollo Crews,01:19:28,01:24:35,,Cesaro,0,0,0,face,,,,,,,,,,,,,,,,,,,,,
2018,14,30,Shinsuke Nakamura,01:20:57,02:05:22,,Winner,3,0,0,face,,,,,,,,,,,,,,,,,,,,,
2018,15,9,Cesaro,01:22:28,01:27:27,,Seth Rollins,1,0,0,heel,,1,Sheamus,,,,,,,,,,,,,,,,,,
2018,16,11,Kofi Kingston,01:24:00,01:29:23,,Andrade,1,0,0,face,,1,"Big E, Xavier Woods",,,,,,,,,,,,,,,,,,
2018,17,10,Jinder Mahal,01:25:27,01:28:59,,Kofi Kingston,2,0,0,heel,,,,,,,,,,,,,,,,,,,,,
2018,18,22,Seth Rollins,01:26:55,01:45:43,,Roman Reigns,1,1,0,face,,,,,,,,,,,,,,,,,,,,,
2018,19,14,Matt Hardy,01:29:52,01:30:55,,Bray Wyatt,1,1,0,face,,,,,,,,,,,,,,,,,,,,,
2018,20,28,John Cena,01:31:54,02:00:27,,Shinsuke Nakamura,3,0,0,face,,,,,,,,,,,,,,,,,,,,,
2018,21,16,The Hurricane,01:33:10,01:33:32,,John Cena,0,0,0,face,,,,,,,,,,,,,,,,,,,,,
2018,22,17,Aiden English,01:34:30,01:36:36,,Finn Balor,0,0,0,face,,,,,,,,,,,,,,,,,,,,,
2018,23,19,Adam Cole,01:36:04,01:42:38,,Rey Mysterio,0,0,0,heel,,,,,,,,,,,,,,,,,,,,,
2018,24,25,Randy Orton,01:37:33,01:51:09,,Roman Reigns,1,0,0,face,,,,,,,,,,,,,,,,,,,,,
2018,25,20,Titus O'Neil,01:38:57,01:44:49,,Roman Reigns,0,0,0,face,,,,,,,,,,,,,,,,,,,,,
2018,26,21,The Miz,01:40:33,01:45:35,,"Roman Reigns, Seth Rollins",0,0,0,heel,,,,,,,,,,,,,,,,,,,,,
2018,27,26,Rey Mysterio,01:42:03,01:51:27,,Finn Balor,1,0,0,face,,,,,,,,,,,,,,,,,,,,,
2018,28,29,Roman Reigns,01:43:53,02:05:22,,Shinsuke Nakamura,3,1,0,face,,,,,,,,,,,,,,,,,,,,,
2018,29,23,Goldust,01:46:29,01:48:51,,Dolph Ziggler,0,0,0,face,,,,,,,,,,,,,,,,,,,,,
2018,30,24,Dolph Ziggler,01:47:58,01:49:32,,Finn Balor,1,0,0,heel,,,,,,,,,,,,,,,,,,,,,
2018.5,1,48,Daniel Bryan,03:34:12,04:50:18,,Big Cass,1,2,0,face,,,,,,,,,,,,,,,04:29:36,04:36:03,,,,,
2018.5,2,12,Dolph Ziggler,03:34:12,03:55:55,,Kurt Angle,1,1,0,heel,,,,,,,,,,,,,,,,,,,,,
2018.5,3,1,Sin Cara,03:36:03,03:37:20,,Dolph Ziggler,0,0,0,face,,,,,,,,,,,,,,,,,,,,,
2018.5,4,2,Curtis Axel,03:38:02,03:40:01,,Mark Henry,0,0,0,heel,,1,Bo Dallas,,,,,,,,,,,,,,,,,,
2018.5,5,5,Mark Henry,03:39:44,03:43:12,,"Daniel Bryan, Dolph Ziggler",3,0,0,face,,,,,,,,,,,,,,,,,,,,,
2018.5,6,3,Mike Kanellis,03:40:58,03:41:00,,Mark Henry,0,0,0,heel,,,,,,,,,,,,,,,,,,,,,
2018.5,7,4,Hiroki Sumi,03:42:21,03:43:07,,Mark Henry,0,0,0,heel,,,,,,,,,,,,,,,,,,,,,
2018.5,8,6,Viktor,03:43:40,03:44:30,,Daniel Bryan,0,0,0,heel,,1,Konnor,,,,,,,,,,,,,,,,,,
2018.5,9,14,Kofi Kingston,03:45:03,04:01:38,,Elias,0,1,0,face,,1,"Big E, Xavier Woods",,,,,,,,,,,,,,,,,,
2018.5,10,9,Tony Nese,03:46:20,03:53:32,,"Kofi Kingston, Xavier Woods",1,0,0,heel,,,,,,,,,,,,,,,,,,,,,
2018.5,11,7,Dash Wilder,03:47:22,03:48:48,,"Daniel Bryan, Hornswoggle",0,0,0,heel,,1,Scott Dawson,,,,,,,,,,,,,,,,,,
2018.5,12,8,Hornswoggle,03:48:56,03:49:55,,Tony Nese,0,0,1,face,,,,,,,,,,,,,,,,,,,,,
2018.5,13,11,Primo,03:50:27,03:55:38,,Kurt Angle,0,0,0,heel,,,,,,,,,,,,,,,,,,,,,
2018.5,14,15,Xavier Woods,03:51:41,04:01:38,,Elias,0,1,0,face,,,,,,,,,,,,,,,,,,,,,
2018.5,15,10,Bo Dallas,03:54:00,03:55:34,,Kurt Angle,0,0,0,heel,,1,Curtis Axel,,,,,,,,,,,,,,,,,,
2018.5,16,16,Kurt Angle,03:55:19,04:03:18,,Elias,3,0,0,face,,,,,,,,,,,,,,,,,,,,,
2018.5,17,19,Scott Dawson,03:56:47,04:08:32,,Bobby Roode,0,0,0,heel,,,,,,,,,,,,,,,,,,,,,
2018.5,18,18,Goldust,03:58:06,04:08:10,,Bobby Roode,0,0,0,face,,,,,,,,,,,,,,,,,,,,,
2018.5,19,13,Konnor,03:59:12,04:01:37,,"Elias, Kofi Kingston, Xavier Woods",0,0,0,heel,,1,Viktor,,,,,,,,,,,,,,,,,,
2018.5,20,41,Elias,04:01:34,04:35:37,,Bobby Lashley,5,0,0,heel,,,,,,,,,,,,,,,04:24:36,04:31:56,,,,,
2018.5,21,20,Luke Gallows,04:02:22,04:11:38,,Rey Mysterio,0,0,0,heel,,1,Karl Anderson,,,,,,,,,,,,,,,,,,
2018.5,22,25,Rhyno,04:03:54,04:20:16,,Roderick Strong,0,0,0,neutral,,,,,,,,,,,,,,,,,,,,,
2018.5,23,17,Drew Gulak,04:05:03,04:06:50,,Tucker Knight,0,0,0,heel,,,,,,,,,,,,,,,,,,,,,
2018.5,24,23,Tucker Knight,04:06:13,04:16:22,,Big E,1,0,0,face,,,,,,,,,,,,,,,,,,,,,
2018.5,25,29,Bobby Roode,04:07:44,04:25:27,,Baron Corbin,2,0,0,heel,,,,,,,,,,,,,,,,,,,,,
2018.5,26,21,Fandango,04:09:01,04:12:42,,Mojo Rawley,0,0,0,face,,1,Tyler Breeze,,,,,,,,,,,,,,,,,,
2018.5,27,24,Chad Gable,04:10:08,04:18:25,,Apollo Crews,0,0,0,face,,,,,,,,,,,,,,,,,,,,,
2018.5,28,37,Rey Mysterio,04:11:23,04:31:47,,Baron Corbin,1,0,0,face,,,,,,,,,,,,,,,,,,,,,
2018.5,29,27,Mojo Rawley,04:12:39,04:21:30,,Randy Orton,2,0,0,face,,,,,,,,,,,,,,,,,,,,,
2018.5,30,22,Tyler Breeze,04:14:01,04:14:17,,Mojo Rawley,0,0,0,face,,1,Fandango,,,,,,,,,,,,,,,,,,
2018.5,31,33,Big E,04:15:46,04:29:46,,Braun Strowman,1,0,0,face,,1,"Kofi Kingston, Xavier Woods",,,,,,,,,,,,,,,,,,
2018.5,32,26,Karl Anderson,04:17:01,04:21:26,,Randy Orton,0,0,0,heel,,1,Luke Gallows,,,,,,,,,,,,,,,,,,
2018.5,33,28,Apollo Crews,04:18:11,04:21:37,,Randy Orton,1,0,0,face,,,,,,,,,,,,,,,,,,,,,
2018.5,34,30,Roderick Strong,04:19:32,04:25:32,,Baron Corbin,1,0,0,heel,,,,,,,,,,,,,,,,,,,,,
2018.5,35,39,Randy Orton,04:21:01,04:31:58,,Elias,4,0,0,face,,,,,,,,,,,,,,,,,,,,,
2018.5,36,34,Heath Slater,04:22:20,04:30:00,,Braun Strowman,0,0,0,face,,,,,,,,,,,,,,,,,,,,,
2018.5,37,31,Babatunde,04:23:32,04:29:26,,Braun Strowman,0,0,0,heel,,,,,,,,,,,,,,,,,,,,,
2018.5,38,38,Baron Corbin,04:24:45,04:31:54,,Randy Orton,3,0,0,heel,,,,,,,,,,,,,,,,,,,,,
2018.5,39,35,Titus O'Neil,04:26:13,04:30:56,,Braun Strowman,0,0,0,face,,,,,,,,,,,,,,,,,,,,,
2018.5,40,32,Dan Matha,04:27:29,04:29:31,,Braun Strowman,0,0,0,neutral,,,,,,,,,,,,,,,,,,,,,
2018.5,41,50,Braun Strowman,04:29:17,04:51:30,,Winner,12,1,0,face,,,,,,,,,,,,,,,04:44:45,04:49:13,,,,,
2018.5,42,36,Tye Dillinger,04:30:36,04:31:06,,Braun Strowman,0,0,0,face,,,,,,,,,,,,,,,,,,,,,
2018.5,43,40,Curt Hawkins,04:33:08,04:33:31,,Braun Strowman,0,0,0,face,,,,,,,,,,,,,,,,,,,,,
2018.5,44,45,Bobby Lashley,04:34:45,04:49:24,,Braun Strowman,1,1,0,heel,,,,,,,,,,,,,,,,,,,,,
2018.5,45,42,The Great Khali,04:37:27,04:37:59,,"Braun Strowman, Bobby Lashley",0,0,0,face,,,,,,,,,,,,,,,,,,,,,
2018.5,46,47,Kevin Owens,04:38:55,04:49:38,,Braun Strowman,0,0,0,neutral,,,,,,,,,,,,,,,,,,,,,
2018.5,47,44,Shane McMahon,04:40:28,04:48:35,,Braun Strowman,0,0,0,heel,,,,,,,,,,,,,,,,,,,,,
2018.5,48,43,Shelton Benjamin,04:42:22,04:46:46,,Chris Jericho,0,0,0,face,,,,,,,,,,,,,,,,,,,,,
2018.5,49,49,Big Cass,04:44:07,04:51:30,,Braun Strowman,1,0,0,heel,,,,,,,,,,,,,,,,,,,,,
2018.5,50,46,Chris Jericho,04:46:13,04:49:32,,Braun Strowman,1,0,0,face,,,,,,,,,,,,,,,,,,,,,
2019,1,5,Elias,03:40:59,03:56:07,,Seth Rollins,1,0,0,heel,,,,,,,,,,,,,,,,,,,,,
2019,2,1,Jeff Jarrett,03:40:59,03:42:19,,Elias,0,0,0,neutral,,,,,,,,,,,,,,,,,,,,,
2019,3,8,Shinsuke Nakamura,03:43:01,04:04:45,,Mustafa Ali,1,0,0,heel,,,,,,,,,,,,,,,,,,,,,
2019,4,2,Kurt Angle,03:44:46,03:48:00,,Shinsuke Nakamura,0,0,0,face,,,,,,,,,,,,,,,,,,,,,
2019,5,4,Big E,03:46:48,03:52:49,,Samoa Joe,0,0,0,face,,1,"Xavier Woods, Kofi Kingston",,,,,,,,,,,,,,,,,,
2019,6,9,Johnny Gargano,03:48:54,04:02:44,,Dean Ambrose,1,0,0,face,,,,,,,,,,,,,,,,,,,,,
2019,7,3,Jinder Mahal,03:50:17,03:50:46,,Johnny Gargano,0,0,0,heel,,,,,,,,,,,,,,,,,,,,,
2019,8,14,Samoa Joe,03:52:07,04:15:50,,Mustafa Ali,3,0,0,heel,,,,,,,,,,,,,,,,,,,,,
2019,9,7,Curt Hawkins,03:53:29,03:57:38,,Samoa Joe,1,0,0,face,,,,,,,,,,,,,,,03:53:37,03:57:25,,,,,
2019,10,30,Seth Rollins,03:55:22,04:38:22,,Winner,3,0,0,face,,,,,,,,,,,,,,,04:22:17,04:35:11,,,,,
2019,11,6,Titus O'Neil,03:57:27,03:57:30,,Curt Hawkins,0,0,0,face,,,,,,,,,,,,,,,,,,,,,
2019,12,12,Kofi Kingston,03:58:33,04:07:25,,Drew McIntyre,0,0,0,face,,1,"Big E, Xavier Woods",,,,,,,,,,,,,,,,,,
2019,13,23,Mustafa Ali,04:00:06,04:30:04,,Nia Jax,2,0,0,face,,,,,,,,,,,,,,,,,,,,,
2019,14,13,Dean Ambrose,04:01:34,04:14:17,,Aleister Black,1,0,0,heel,,,,,,,,,,,,,,,,,,,,,
2019,15,10,No Way Jose,04:03:41,04:03:43,,Samoa Joe,0,0,0,face,,,,,,,,,,,,,,,,,,,,,
2019,16,22,Drew McIntyre,04:05:17,04:25:22,,Dolph Ziggler,3,1,0,heel,,,,,,,,,,,,,,,,,,,,,
2019,17,11,Xavier Woods,04:07:20,04:07:23,,Drew McIntyre,0,0,0,fae,,1,"Big E, Kofi Kingston",,,,,,,,,,,,,,,,,,
2019,18,17,Pete Dunne,04:08:24,04:19:42,,Drew McIntyre,0,0,0,face,,,,,,,,,,,,,,,,,,,,,
2019,19,27,Andrade,04:09:57,04:36:40,,Braun Strowman,1,0,0,heel,,,,,,,,,,,,,,,,,,,,,
2019,20,15,Apollo Crews,04:11:25,04:17:09,,Baron Corbin,0,0,0,face,,,,,,,,,,,,,,,,,,,,,
2019,21,16,Aleister Black,04:13:07,04:19:16,,Baron Corbin,1,0,0,face,,,,,,,,,,,,,,,,,,,,,
2019,22,20,Shelton Benjamin,04:14:56,04:24:15,,Braun Strowman,0,0,0,heel,,,,,,,,,,,,,,,,,,,,,
2019,23,19,Baron Corbin,04:16:38,04:23:57,,Braun Strowman,2,0,0,heel,,,,,,,,,,,,,,,,,,,,,
2019,24,21,Jeff Hardy,04:17:56,04:25:00,,"Braun Strowman, Drew McIntyre",0,0,0,face,,,,,,,,,,,,,,,,,,,,,
2019,25,25,Rey Mysterio,04:20:24,04:32:54,,Randy Orton,1,0,0,face,,,,,,,,,,,,,,,,,,,,,
2019,26,18,Bobby Lashley,04:21:55,04:22:08,,Seth Rollins,0,0,0,heel,,,,,,,,,,,,,,,,,,,,,
2019,27,29,Braun Strowman,04:23:46,04:38:22,,Seth Rollins,4,1,0,face,,,,,,,,,,,,,,,04:28:00,04:34:04,,,,,
2019,28,28,Dolph Ziggler,04:25:14,04:36:50,,Braun Strowman,1,0,0,face,,,,,,,,,,,,,,,,,,,,,
2019,29,26,Randy Orton,04:27:02,04:32:58,,Andrade,1,0,0,heel,,,,,,,,,,,,,,,,,,,,,
2019,30,24,Nia Jax,04:29:21,04:32:04,,Rey Mysterio,1,0,0,heel,,,,,,,,,,,,,,,,,,,,,
